id,name,lexicon_volume,lexicon_number,lexicon_addendum,gospels_acts_unattested,josephus,rare
13769,Tobiah,1,7,0,0,0,0
8597,Marcus,2,1,1,0,0,0
108,Aaron,2,2,1,0,0,1
570,Abraham,2,1,1,0,0,1
1352,Anan,2,1,1,0,0,1
2342,Azariah,2,1,1,0,0,0
2578,Benjamin,2,2,1,0,0,0
4021,Eleazar,2,12,1,0,0,0
4022,Eleazar,2,13,1,0,0,0
4023,Eleazar,2,14,1,0,0,0
4024,Eleazar,2,15,1,0,0,0
4025,Eleazar,2,16,1,0,0,0
4017,Eleazar,2,8,1,0,0,0
4020,Eleazar,2,11,1,0,0,0
4103,Elisha,2,1,1,0,0,0
4990,Hagai,2,2,1,0,0,0
5170,Hanan,2,1,1,0,0,0
5171,Hanan,2,2,1,0,0,0
5172,Hanan,2,3,1,0,0,0
5329,Hananiah,2,1,1,0,0,0
5330,Hananiah,2,2,1,0,0,0
5331,Hananiah,2,3,1,0,0,0
5332,Hananiah,2,4,1,0,0,0
5333,Hananiah,2,5,1,0,0,0
5334,Hananiah,2,6,1,0,0,0
5338,Hananiah,2,10,1,0,0,0
5614,Hesediah,2,1,1,0,0,1
5718,Hillel,2,1,1,0,0,0
5876,Hoshaiah,2,1,1,0,0,1
5877,Hoshaiah,2,2,1,0,0,1
6183,Isaac,2,1,1,0,0,0
6287,Ishmael,2,1,1,0,0,0
6288,Ishmael,2,2,1,0,0,0
6289,Ishmael,2,3,1,0,0,0
6293,Ishmael,2,7,1,0,0,0
6294,Ishmael,2,8,1,0,0,0
6333,Israel,2,1,1,0,0,1
6517,Jacob,2,2,1,0,0,0
6768,Jonathan,2,3,1,0,0,0
6769,Jonathan,2,4,1,0,0,0
6770,Jonathan,2,5,1,0,0,0
6771,Jonathan,2,6,1,0,0,0
6772,Jonathan,2,7,1,0,0,0
6773,Jonathan,2,8,1,0,0,0
6774,Jonathan,2,9,1,0,0,0
6779,Jonathan,2,14,1,0,0,0
7151,Joseph,2,4,1,0,0,0
7153,Joseph,2,6,1,0,0,0
7154,Joseph,2,7,1,0,0,0
7155,Joseph,2,8,1,0,0,0
7156,Joseph,2,9,1,0,0,0
7157,Joseph,2,10,1,0,0,0
7158,Joseph,2,11,1,0,0,0
7159,Joseph,2,12,1,0,0,0
7160,Joseph,2,13,1,0,0,0
7161,Joseph,2,14,1,0,0,0
7162,Joseph,2,15,1,0,0,0
7163,Joseph,2,16,1,0,0,0
7169,Joseph,2,22,1,0,0,0
7172,Joseph,2,25,1,0,0,0
7259,Joshua,2,2,1,0,0,0
7260,Joshua,2,3,1,0,0,0
7581,Judah,2,6,1,0,0,0
7582,Judah,2,7,1,0,0,0
7583,Judah,2,8,1,0,0,0
7584,Judah,2,9,1,0,0,0
7587,Judah,2,12,1,0,0,0
7589,Judah,2,14,1,0,0,0
8123,Levi,2,7,1,0,0,0
8124,Levi,2,8,1,0,0,0
8125,Levi,2,9,1,0,0,0
9117,Mattathias,2,4,1,0,0,0
9118,Mattathias,2,5,1,0,0,0
9119,Mattathias,2,6,1,0,0,0
9121,Mattathias,2,8,1,0,0,0
9122,Mattathias,2,9,1,0,0,0
9288,Menahem,2,2,1,0,0,0
9360,Meshulam,2,1,1,0,0,1
9749,Nathanel,2,2,1,0,0,0
10580,Phineas,2,3,1,0,0,0
10581,Phineas,2,4,1,0,0,0
10620,Playah,2,1,1,0,0,1
11535,Samuel,2,2,1,0,0,0
11536,Samuel,2,3,1,0,0,0
11873,Seth,2,2,1,0,0,0
12156,Shafan,2,1,1,0,0,1
12736,Simon,2,6,1,0,0,0
12737,Simon,2,7,1,0,0,0
12738,Simon,2,8,1,0,0,0
12739,Simon,2,9,1,0,0,0
12740,Simon,2,10,1,0,0,0
12745,Simon,2,15,1,0,0,0
12746,Simon,2,16,1,0,0,0
12750,Simon,2,20,1,0,0,0
14120,Yair,2,2,1,0,0,0
14273,Yehoyakhin,2,1,1,0,0,1
14518,Yohanan,2,3,1,0,0,0
14519,Yohanan,2,4,1,0,0,0
14520,Yohanan,2,5,1,0,0,0
14521,Yohanan,2,6,1,0,0,0
14522,Yohanan,2,7,1,0,0,0
14523,Yohanan,2,8,1,0,0,0
14527,Yohanan,2,12,1,0,0,0
14609,Zachariah,2,1,1,0,0,0
14641,Zamari,2,1,1,0,0,1
1062,Alexander,2,2,1,0,0,0
1063,Alexander,2,3,1,0,0,0
1066,Alexander,2,6,1,0,0,0
1067,Alexander,2,7,1,0,0,0
1793,Archelaus,2,1,1,0,0,0
1831,Aristion,2,2,1,0,0,1
1852,Aristobulus,2,2,1,0,0,0
3064,Crocus,2,1,1,0,0,1
3136,Cyrus,2,1,1,0,0,1
3609,Dositheus,2,2,1,0,0,0
4432,Eutolmus,2,1,1,0,0,0
6307,Isidorus,2,1,1,0,0,1
6568,Jason,2,1,1,0,0,0
6570,Jason,2,3,1,0,0,0
8268,Lysias,2,1,1,0,0,1
8269,Lysias,2,2,1,0,0,1
9870,Nicias,2,1,1,0,0,1
10145,Papion,2,1,1,0,0,1
10170,Pappus,2,1,1,0,0,0
10420,Phileteirus,2,1,1,0,0,1
10472,Philon,2,1,1,0,0,1
10825,Ptolemaius,2,1,1,0,0,1
10826,Ptolemaius,2,2,1,0,0,1
13310,Telesistratus,2,1,1,0,0,1
1523,Annius,2,1,1,0,0,1
1766,Aquila,2,1,1,0,0,1
7784,Justinus,2,2,1,0,0,1
11896,Severus,2,1,1,0,0,1
14032,Verus,2,1,1,0,0,1
233,Abba,2,1,1,0,0,0
234,Abba,2,2,1,0,0,0
4504,Farruch,2,1,1,0,0,1
4724,Galgula,2,1,1,0,0,1
4754,Garaf,2,1,1,0,0,1
4845,Gira,2,1,1,0,0,0
5045,Halbo,2,1,1,0,0,1
5750,Hiyya,2,1,1,0,0,1
5814,Honi,2,2,1,0,0,0
5815,Honi,2,3,1,0,0,0
5816,Honi,2,4,1,0,0,0
5981,Hyrcanus,2,1,1,0,0,0
7969,Lafakh,2,1,1,0,0,1
9002,Masabala,2,1,1,0,0,1
9812,Nehorai,2,1,1,0,0,1
10408,Pheroras,2,1,1,0,0,1
11275,Sakhar,2,1,1,0,0,1
11430,Samoqah,2,1,1,0,0,1
12221,Shaveh,2,1,1,0,0,1
12353,Shulai,2,1,1,0,0,1
13225,Tanhum,2,2,1,0,0,1
13909,Ulla,2,1,1,0,0,1
1,(missing value),2,1,1,0,0,1
3365,Dimus,2,1,1,0,0,1
436,Abdi,1,1,0,0,0,0
438,Abdi,1,3,0,0,0,0
613,Abshalom,1,4,0,0,1,0
615,Abshalom,1,6,0,0,0,0
616,Abshalom,1,7,0,0,0,0
617,Abshalom,1,8,0,0,0,0
618,Abshalom,1,9,0,0,0,0
889,Ahab,1,1,0,0,1,1
893,Ahi,1,1,0,0,0,0
894,Ahi,1,2,0,0,0,0
895,Ahi,1,3,0,0,0,0
896,Ahi,1,4,0,0,0,0
897,Ahi,1,5,0,0,0,0
898,Ahi,1,6,0,0,0,0
919,Ahiah,1,1,0,0,0,1
920,Ahiah,1,2,0,0,0,1
1310,Amram,1,1,0,0,1,0
1311,Amram,1,2,0,0,0,0
1312,Amram,1,3,0,0,0,0
1707,Aqash,1,1,0,0,0,0
1708,Aqash,1,2,0,0,0,0
1709,Aqash,1,3,0,0,0,0
1713,Aqub,1,2,0,0,0,0
1715,Aqub,1,4,0,0,0,0
1716,Aqub,1,5,0,0,0,0
1717,Aqub,1,6,0,0,0,0
1718,Aqub,1,7,0,0,0,0
1720,Aqub,1,9,0,0,0,0
1721,Aqub,1,10,0,0,0,0
1722,Aqub,1,11,0,0,0,0
2330,Azariah,1,2,0,0,0,0
2331,Azariah,1,3,0,0,0,0
2332,Azariah,1,4,0,0,0,0
2333,Azariah,1,5,0,0,0,0
2334,Azariah,1,6,0,0,0,0
2335,Azariah,1,7,0,0,0,0
2336,Azariah,1,8,0,0,0,0
2358,Babi,1,2,0,0,0,0
2359,Babi,1,3,0,0,0,0
2360,Babi,1,4,0,0,0,0
2442,Baruch,1,1,0,0,1,0
2443,Baruch,1,2,0,0,0,0
2445,Baruch,1,4,0,0,0,0
2526,Benaiah,1,2,0,0,1,0
2527,Benaiah,1,3,0,0,0,0
2528,Benaiah,1,4,0,0,0,0
2531,Benaiah,1,7,0,0,0,0
2532,Benaiah,1,8,0,0,0,0
2533,Benaiah,1,9,0,0,0,0
2534,Benaiah,1,10,0,0,0,0
2536,Benaiah,1,12,0,0,0,0
2548,Benjamin,1,1,0,0,0,0
2550,Benjamin,1,3,0,0,0,0
2552,Benjamin,1,5,0,0,0,0
2554,Benjamin,1,7,0,0,0,0
2601,Besai,1,3,0,0,0,1
3175,Daliah,1,2,0,0,0,1
3215,Daniel,1,2,0,0,0,1
3768,Elasah,1,1,0,0,0,0
3769,Elasah,1,2,0,0,0,0
3770,Elasah,1,3,0,0,0,0
3778,Eleazar,1,7,0,0,1,0
3779,Eleazar,1,8,0,0,1,0
3780,Eleazar,1,9,0,0,1,0
3781,Eleazar,1,10,0,0,1,0
3782,Eleazar,1,11,0,0,1,0
3783,Eleazar,1,12,0,0,1,0
3784,Eleazar,1,13,0,0,1,0
3785,Eleazar,1,14,0,0,1,0
3786,Eleazar,1,15,0,0,1,0
3787,Eleazar,1,16,0,0,1,0
3788,Eleazar,1,17,0,0,1,0
3791,Eleazar,1,20,0,0,1,0
3792,Eleazar,1,21,0,0,1,0
3793,Eleazar,1,22,0,0,1,0
3794,Eleazar,1,23,0,0,1,0
3796,Eleazar,1,25,0,1,0,0
3800,Eleazar,1,29,0,0,0,0
3802,Eleazar,1,31,0,0,0,0
3803,Eleazar,1,32,0,0,0,0
3804,Eleazar,1,33,0,0,0,0
3805,Eleazar,1,34,0,0,0,0
3806,Eleazar,1,35,0,0,0,0
3808,Eleazar,1,37,0,0,0,0
3809,Eleazar,1,38,0,0,0,0
3810,Eleazar,1,39,0,0,0,0
3811,Eleazar,1,40,0,0,0,0
3812,Eleazar,1,41,0,0,0,0
3814,Eleazar,1,43,0,0,0,0
3815,Eleazar,1,44,0,0,0,0
3817,Eleazar,1,46,0,0,0,0
3818,Eleazar,1,47,0,0,0,0
3819,Eleazar,1,48,0,0,0,0
3820,Eleazar,1,49,0,0,0,0
3821,Eleazar,1,50,0,0,0,0
3822,Eleazar,1,51,0,0,0,0
3823,Eleazar,1,52,0,0,0,0
3824,Eleazar,1,53,0,0,0,0
3825,Eleazar,1,54,0,0,0,0
3826,Eleazar,1,55,0,0,0,0
3827,Eleazar,1,56,0,0,0,0
3828,Eleazar,1,57,0,0,0,0
3829,Eleazar,1,58,0,0,0,0
3830,Eleazar,1,59,0,0,0,0
3831,Eleazar,1,60,0,0,0,0
3832,Eleazar,1,61,0,0,0,0
3833,Eleazar,1,62,0,0,0,0
3834,Eleazar,1,63,0,0,0,0
3835,Eleazar,1,64,0,0,0,0
3836,Eleazar,1,65,0,0,0,0
3837,Eleazar,1,66,0,0,0,0
3838,Eleazar,1,67,0,0,0,0
3839,Eleazar,1,68,0,0,0,0
3841,Eleazar,1,70,0,0,0,0
3843,Eleazar,1,72,0,0,0,0
3844,Eleazar,1,73,0,0,0,0
3846,Eleazar,1,75,0,0,0,0
3847,Eleazar,1,76,0,0,0,0
3848,Eleazar,1,77,0,0,0,0
3849,Eleazar,1,78,0,0,0,0
3850,Eleazar,1,79,0,0,0,0
3851,Eleazar,1,80,0,0,0,0
3852,Eleazar,1,81,0,0,0,0
3853,Eleazar,1,82,0,0,0,0
3854,Eleazar,1,83,0,0,0,0
3855,Eleazar,1,84,0,0,0,0
3856,Eleazar,1,85,0,0,0,0
3857,Eleazar,1,86,0,0,0,0
3858,Eleazar,1,87,0,0,0,0
3859,Eleazar,1,88,0,0,0,0
3860,Eleazar,1,89,0,0,0,0
3861,Eleazar,1,90,0,0,0,0
3862,Eleazar,1,91,0,0,0,0
3863,Eleazar,1,92,0,0,0,0
3864,Eleazar,1,93,0,0,0,0
3865,Eleazar,1,94,0,0,0,0
3866,Eleazar,1,95,0,0,0,0
3867,Eleazar,1,96,0,0,0,0
3868,Eleazar,1,97,0,0,0,0
3869,Eleazar,1,98,0,0,0,0
3870,Eleazar,1,99,0,0,0,0
3871,Eleazar,1,100,0,0,0,0
3872,Eleazar,1,101,0,0,0,0
3873,Eleazar,1,102,0,0,0,0
3874,Eleazar,1,103,0,0,0,0
3875,Eleazar,1,104,0,0,0,0
3876,Eleazar,1,105,0,0,0,0
3877,Eleazar,1,106,0,0,0,0
3879,Eleazar,1,108,0,0,0,0
3880,Eleazar,1,109,0,0,0,0
3881,Eleazar,1,110,0,0,0,0
3885,Eleazar,1,114,0,0,0,0
3886,Eleazar,1,115,0,0,0,0
3889,Eleazar,1,118,0,0,0,0
3890,Eleazar,1,119,0,0,0,0
3891,Eleazar,1,120,0,0,0,0
3892,Eleazar,1,121,0,0,0,0
3893,Eleazar,1,122,0,0,0,0
3894,Eleazar,1,123,0,0,0,0
3895,Eleazar,1,124,0,0,0,0
3896,Eleazar,1,125,0,0,0,0
3897,Eleazar,1,126,0,0,0,0
3898,Eleazar,1,127,0,0,0,0
3899,Eleazar,1,128,0,0,0,0
3900,Eleazar,1,129,0,0,0,0
3902,Eleazar,1,131,0,0,0,0
3903,Eleazar,1,132,0,0,0,0
3908,Eleazar,1,137,0,0,0,0
3913,Eleazar,1,142,0,0,0,0
3924,Eleazar,1,153,0,0,0,0
3925,Eleazar,1,154,0,0,0,0
3926,Eleazar,1,155,0,0,0,0
3928,Eleazar,1,157,0,0,0,0
3929,Eleazar,1,158,0,0,0,0
3930,Eleazar,1,159,0,0,0,0
3931,Eleazar,1,160,0,0,0,0
3932,Eleazar,1,161,0,0,0,0
3933,Eleazar,1,162,0,0,0,0
3934,Eleazar,1,163,0,0,0,0
3935,Eleazar,1,164,0,0,0,0
3936,Eleazar,1,165,0,0,0,0
3937,Eleazar,1,166,0,0,0,0
3938,Eleazar,1,167,0,0,0,0
3939,Eleazar,1,168,0,0,0,0
3940,Eleazar,1,169,0,0,0,0
3941,Eleazar,1,170,0,0,0,0
3942,Eleazar,1,171,0,0,0,0
3944,Eleazar,1,173,0,0,0,0
4064,Eli,1,2,0,0,0,1
4096,Elisha,1,6,0,0,0,0
4097,Elisha,1,7,0,0,0,0
4098,Elisha,1,8,0,0,0,0
4099,Elisha,1,9,0,0,0,0
4101,Elisha,1,11,0,0,0,0
4123,Elnathan,1,1,0,0,0,1
4138,Elyoeini,1,1,0,0,1,1
4139,Elyoeini,1,2,0,0,0,1
4167,Ephraim,1,1,0,0,0,1
4483,Ezekiel,1,2,0,0,0,1
4484,Ezekiel,1,3,0,0,0,1
4487,Ezra,1,1,0,0,0,0
4488,Ezra,1,2,0,0,0,0
4489,Ezra,1,3,0,0,0,0
4490,Ezra,1,4,0,0,0,0
4730,Gamaliel,1,1,0,0,1,0
4731,Gamaliel,1,2,0,0,1,0
4732,Gamaliel,1,3,0,0,1,0
4733,Gamaliel,1,4,0,0,0,0
4734,Gamaliel,1,5,0,0,0,0
4735,Gamaliel,1,6,0,0,0,0
4736,Gamaliel,1,7,0,0,0,0
4737,Gamaliel,1,8,0,0,0,0
4740,Gamaliel,1,11,0,0,0,0
4966,Hadad,1,2,0,0,0,1
4975,Hagaba,1,1,0,1,0,1
4978,Hagai,1,3,0,0,0,0
4979,Hagai,1,4,0,0,0,0
4980,Hagai,1,5,0,0,0,0
4981,Hagai,1,6,0,0,0,0
4982,Hagai,1,7,0,0,0,0
5022,Hakhiliah,1,1,0,0,0,1
5118,Hanan,1,1,0,0,1,0
5119,Hanan,1,2,0,0,1,0
5120,Hanan,1,3,0,0,1,0
5121,Hanan,1,4,0,0,1,0
5122,Hanan,1,5,0,0,1,0
5125,Hanan,1,8,0,0,0,0
5126,Hanan,1,9,0,0,0,0
5127,Hanan,1,10,0,0,0,0
5128,Hanan,1,11,0,0,0,0
5129,Hanan,1,12,0,0,0,0
5130,Hanan,1,13,0,0,0,0
5135,Hanan,1,18,0,0,0,0
5137,Hanan,1,20,0,0,0,0
5138,Hanan,1,21,0,0,0,0
5139,Hanan,1,22,0,0,0,0
5140,Hanan,1,23,0,0,0,0
5141,Hanan,1,24,0,0,0,0
5142,Hanan,1,25,0,0,0,0
5144,Hanan,1,27,0,0,0,0
5147,Hanan,1,30,0,0,0,0
5148,Hanan,1,31,0,0,0,0
5152,Hanan,1,35,0,0,0,0
5153,Hanan,1,36,0,0,0,0
5154,Hanan,1,37,0,0,0,0
5156,Hanan,1,39,0,0,0,0
5185,Hananiah,1,2,0,0,1,0
5186,Hananiah,1,3,0,0,1,0
5187,Hananiah,1,4,0,0,1,0
5188,Hananiah,1,5,0,0,1,0
5189,Hananiah,1,6,0,0,1,0
5190,Hananiah,1,7,0,0,1,0
5191,Hananiah,1,8,0,0,1,0
5192,Hananiah,1,9,0,0,1,0
5193,Hananiah,1,10,0,0,1,0
5194,Hananiah,1,11,0,0,1,0
5195,Hananiah,1,12,0,1,0,0
5199,Hananiah,1,16,0,0,0,0
5200,Hananiah,1,17,0,0,0,0
5201,Hananiah,1,18,0,0,0,0
5202,Hananiah,1,19,0,0,0,0
5203,Hananiah,1,20,0,0,0,0
5206,Hananiah,1,23,0,0,0,0
5208,Hananiah,1,25,0,0,0,0
5209,Hananiah,1,26,0,0,0,0
5212,Hananiah,1,29,0,0,0,0
5213,Hananiah,1,30,0,0,0,0
5214,Hananiah,1,31,0,0,0,0
5215,Hananiah,1,32,0,0,0,0
5216,Hananiah,1,33,0,0,0,0
5217,Hananiah,1,34,0,0,0,0
5218,Hananiah,1,35,0,0,0,0
5219,Hananiah,1,36,0,0,0,0
5220,Hananiah,1,37,0,0,0,0
5221,Hananiah,1,38,0,0,0,0
5222,Hananiah,1,39,0,0,0,0
5223,Hananiah,1,40,0,0,0,0
5224,Hananiah,1,41,0,0,0,0
5225,Hananiah,1,42,0,0,0,0
5226,Hananiah,1,43,0,0,0,0
5227,Hananiah,1,44,0,0,0,0
5228,Hananiah,1,45,0,0,0,0
5229,Hananiah,1,46,0,0,0,0
5230,Hananiah,1,47,0,0,0,0
5231,Hananiah,1,48,0,0,0,0
5232,Hananiah,1,49,0,0,0,0
5233,Hananiah,1,50,0,0,0,0
5234,Hananiah,1,51,0,0,0,0
5235,Hananiah,1,52,0,0,0,0
5236,Hananiah,1,53,0,0,0,0
5237,Hananiah,1,54,0,0,0,0
5238,Hananiah,1,55,0,0,0,0
5239,Hananiah,1,56,0,0,0,0
5240,Hananiah,1,57,0,0,0,0
5241,Hananiah,1,58,0,0,0,0
5242,Hananiah,1,59,0,0,0,0
5245,Hananiah,1,62,0,0,0,0
5248,Hananiah,1,65,0,0,0,0
5251,Hananiah,1,68,0,0,0,0
5253,Hananiah,1,70,0,0,0,0
5254,Hananiah,1,71,0,0,0,0
5257,Hananiah,1,74,0,0,0,0
5259,Hananiah,1,76,0,0,0,0
5260,Hananiah,1,77,0,0,0,0
5261,Hananiah,1,78,0,0,0,0
5262,Hananiah,1,79,0,0,0,0
5263,Hananiah,1,80,0,0,0,0
5264,Hananiah,1,81,0,0,0,0
5265,Hananiah,1,82,0,0,0,0
5266,Hananiah,1,83,0,0,0,0
5267,Hananiah,1,84,0,0,0,0
5268,Hananiah,1,85,0,0,0,0
5269,Hananiah,1,86,0,0,0,0
5434,Hashub,1,1,0,0,0,1
5470,Helkiah,1,3,0,0,1,0
5471,Helkiah,1,4,0,0,1,0
5472,Helkiah,1,5,0,0,1,0
5475,Helkiah,1,8,0,0,0,0
5477,Helkiah,1,10,0,0,0,0
5616,Hesron,1,1,0,0,1,1
5617,Hesron,1,2,0,0,0,1
5634,Hezekiah,1,4,0,0,1,0
5635,Hezekiah,1,5,0,0,1,0
5637,Hezekiah,1,7,0,0,0,0
5638,Hezekiah,1,8,0,0,0,0
5642,Hezekiah,1,12,0,0,0,0
5643,Hezekiah,1,13,0,0,0,0
5644,Hezekiah,1,14,0,0,0,0
5645,Hezekiah,1,15,0,0,0,0
5646,Hezekiah,1,16,0,0,0,0
5647,Hezekiah,1,17,0,0,0,0
5648,Hezekiah,1,18,0,0,0,0
5651,Hezekiah,1,21,0,0,0,0
5653,Hezekiah,1,23,0,0,0,0
5654,Hezekiah,1,24,0,0,0,0
5655,Hezekiah,1,25,0,0,0,0
5656,Hezekiah,1,26,0,0,0,0
5699,Hillel,1,2,0,0,0,0
5700,Hillel,1,3,0,0,0,0
5702,Hillel,1,5,0,0,0,0
5705,Hillel,1,8,0,0,0,0
5706,Hillel,1,9,0,0,0,0
5707,Hillel,1,10,0,0,0,0
5861,Hosea,1,1,0,0,0,0
5862,Hosea,1,2,0,0,0,0
5863,Hosea,1,3,0,0,0,0
6106,Isaac,1,5,0,0,0,0
6108,Isaac,1,7,0,0,0,0
6110,Isaac,1,9,0,0,0,0
6111,Isaac,1,10,0,0,0,0
6112,Isaac,1,11,0,0,0,0
6113,Isaac,1,12,0,0,0,0
6231,Isaiah,1,3,0,0,0,0
6232,Isaiah,1,4,0,0,0,0
6235,Isaiah,1,7,0,0,0,0
6237,Isaiah,1,9,0,0,0,0
6238,Isaiah,1,10,0,0,0,0
6239,Isaiah,1,11,0,0,0,0
6246,Ishmael,1,2,0,0,1,0
6247,Ishmael,1,3,0,0,1,0
6248,Ishmael,1,4,0,0,0,0
6251,Ishmael,1,7,0,0,0,0
6253,Ishmael,1,9,0,0,0,0
6254,Ishmael,1,10,0,0,0,0
6255,Ishmael,1,11,0,0,0,0
6256,Ishmael,1,12,0,0,0,0
6257,Ishmael,1,13,0,0,0,0
6258,Ishmael,1,14,0,0,0,0
6259,Ishmael,1,15,0,0,0,0
6260,Ishmael,1,16,0,0,0,0
6261,Ishmael,1,17,0,0,0,0
6262,Ishmael,1,18,0,0,0,0
6263,Ishmael,1,19,0,0,0,0
6264,Ishmael,1,20,0,0,0,0
6265,Ishmael,1,21,0,0,0,0
6266,Ishmael,1,22,0,0,0,0
6267,Ishmael,1,23,0,0,0,0
6270,Ishmael,1,26,0,0,0,0
6271,Ishmael,1,27,0,0,0,0
6272,Ishmael,1,28,0,0,0,0
6275,Ishmael,1,31,0,0,0,0
6393,Jacob,1,3,0,0,1,0
6394,Jacob,1,4,0,0,1,0
6395,Jacob,1,5,0,0,1,0
6396,Jacob,1,6,0,0,1,0
6398,Jacob,1,8,0,0,0,0
6399,Jacob,1,9,0,1,0,0
6400,Jacob,1,10,0,1,0,0
6401,Jacob,1,11,0,1,0,0
6406,Jacob,1,16,0,0,0,0
6407,Jacob,1,17,0,0,0,0
6408,Jacob,1,18,0,0,0,0
6411,Jacob,1,21,0,0,0,0
6412,Jacob,1,22,0,0,0,0
6414,Jacob,1,24,0,0,0,0
6416,Jacob,1,26,0,0,0,0
6417,Jacob,1,27,0,0,0,0
6418,Jacob,1,28,0,0,0,0
6419,Jacob,1,29,0,0,0,0
6420,Jacob,1,30,0,0,0,0
6421,Jacob,1,31,0,0,0,0
6422,Jacob,1,32,0,0,0,0
6423,Jacob,1,33,0,0,0,0
6426,Jacob,1,36,0,0,0,0
6427,Jacob,1,37,0,0,0,0
6431,Jacob,1,41,0,0,0,0
6432,Jacob,1,42,0,0,0,0
6433,Jacob,1,43,0,0,0,0
6434,Jacob,1,44,0,0,0,0
6435,Jacob,1,45,0,0,0,0
6604,Jeremiah,1,2,0,0,1,0
6605,Jeremiah,1,3,0,0,0,0
6606,Jeremiah,1,4,0,0,0,0
6665,Jonathan,1,7,0,0,1,0
6666,Jonathan,1,8,0,0,1,0
6667,Jonathan,1,9,0,0,1,0
6668,Jonathan,1,10,0,0,1,0
6669,Jonathan,1,11,0,0,1,0
6674,Jonathan,1,16,0,0,1,0
6675,Jonathan,1,17,0,0,1,0
6677,Jonathan,1,19,0,0,0,0
6678,Jonathan,1,20,0,0,0,0
6679,Jonathan,1,21,0,0,0,0
6680,Jonathan,1,22,0,0,0,0
6681,Jonathan,1,23,0,0,0,0
6682,Jonathan,1,24,0,0,0,0
6683,Jonathan,1,25,0,0,0,0
6684,Jonathan,1,26,0,0,0,0
6685,Jonathan,1,27,0,0,0,0
6686,Jonathan,1,28,0,0,0,0
6687,Jonathan,1,29,0,0,0,0
6688,Jonathan,1,30,0,0,0,0
6690,Jonathan,1,32,0,0,0,0
6691,Jonathan,1,33,0,0,0,0
6692,Jonathan,1,34,0,0,0,0
6693,Jonathan,1,35,0,0,0,0
6694,Jonathan,1,36,0,0,0,0
6695,Jonathan,1,37,0,0,0,0
6696,Jonathan,1,38,0,0,0,0
6697,Jonathan,1,39,0,0,0,0
6698,Jonathan,1,40,0,0,0,0
6699,Jonathan,1,41,0,0,0,0
6700,Jonathan,1,42,0,0,0,0
6701,Jonathan,1,43,0,0,0,0
6702,Jonathan,1,44,0,0,0,0
6703,Jonathan,1,45,0,0,0,0
6704,Jonathan,1,46,0,0,0,0
6705,Jonathan,1,47,0,0,0,0
6707,Jonathan,1,49,0,0,0,0
6709,Jonathan,1,51,0,0,0,0
6710,Jonathan,1,52,0,0,0,0
6717,Jonathan,1,59,0,0,0,0
6718,Jonathan,1,60,0,0,0,0
6719,Jonathan,1,61,0,0,0,0
6720,Jonathan,1,62,0,0,0,0
6721,Jonathan,1,63,0,0,0,0
6727,Jonathan,1,69,0,0,0,0
6728,Jonathan,1,70,0,0,0,0
6731,Jonathan,1,73,0,0,0,0
6733,Jonathan,1,75,0,0,0,0
6792,Joseph,1,7,0,0,1,0
6794,Joseph,1,9,0,0,1,0
6795,Joseph,1,10,0,0,1,0
6796,Joseph,1,11,0,0,1,0
6797,Joseph,1,12,0,0,1,0
6798,Joseph,1,13,0,0,1,0
6799,Joseph,1,14,0,0,1,0
6800,Joseph,1,15,0,0,1,0
6801,Joseph,1,16,0,0,1,0
6802,Joseph,1,17,0,0,1,0
6806,Joseph,1,21,0,0,1,0
6807,Joseph,1,22,0,0,1,0
6808,Joseph,1,23,0,0,1,0
6809,Joseph,1,24,0,0,1,0
6810,Joseph,1,25,0,0,1,0
6811,Joseph,1,26,0,0,1,0
6812,Joseph,1,27,0,1,0,0
6813,Joseph,1,28,0,1,0,0
6814,Joseph,1,29,0,1,0,0
6815,Joseph,1,30,0,1,0,0
6816,Joseph,1,31,0,1,0,0
6817,Joseph,1,32,0,1,0,0
6818,Joseph,1,33,0,0,0,0
6822,Joseph,1,37,0,0,0,0
6825,Joseph,1,40,0,0,0,0
6826,Joseph,1,41,0,0,0,0
6828,Joseph,1,43,0,0,0,0
6829,Joseph,1,44,0,0,0,0
6830,Joseph,1,45,0,0,0,0
6831,Joseph,1,46,0,0,0,0
6832,Joseph,1,47,0,0,0,0
6833,Joseph,1,48,0,0,0,0
6834,Joseph,1,49,0,0,0,0
6835,Joseph,1,50,0,0,0,0
6838,Joseph,1,53,0,0,0,0
6840,Joseph,1,55,0,0,0,0
6841,Joseph,1,56,0,0,0,0
6842,Joseph,1,57,0,0,0,0
6843,Joseph,1,58,0,0,0,0
6844,Joseph,1,59,0,0,0,0
6845,Joseph,1,60,0,0,0,0
6846,Joseph,1,61,0,0,0,0
6847,Joseph,1,62,0,0,0,0
6848,Joseph,1,63,0,0,0,0
6849,Joseph,1,64,0,0,0,0
6850,Joseph,1,65,0,0,0,0
6851,Joseph,1,66,0,0,0,0
6852,Joseph,1,67,0,0,0,0
6853,Joseph,1,68,0,0,0,0
6854,Joseph,1,69,0,0,0,0
6856,Joseph,1,71,0,0,0,0
6857,Joseph,1,72,0,0,0,0
6858,Joseph,1,73,0,0,0,0
6859,Joseph,1,74,0,0,0,0
6862,Joseph,1,77,0,0,0,0
6863,Joseph,1,78,0,0,0,0
6864,Joseph,1,79,0,0,0,0
6866,Joseph,1,81,0,0,0,0
6871,Joseph,1,86,0,0,0,0
6872,Joseph,1,87,0,0,0,0
6873,Joseph,1,88,0,0,0,0
6874,Joseph,1,89,0,0,0,0
6875,Joseph,1,90,0,0,0,0
6876,Joseph,1,91,0,0,0,0
6877,Joseph,1,92,0,0,0,0
6878,Joseph,1,93,0,0,0,0
6879,Joseph,1,94,0,0,0,0
6880,Joseph,1,95,0,0,0,0
6881,Joseph,1,96,0,0,0,0
6882,Joseph,1,97,0,0,0,0
6883,Joseph,1,98,0,0,0,0
6884,Joseph,1,99,0,0,0,0
6885,Joseph,1,100,0,0,0,0
6886,Joseph,1,101,0,0,0,0
6887,Joseph,1,102,0,0,0,0
6888,Joseph,1,103,0,0,0,0
6889,Joseph,1,104,0,0,0,0
6890,Joseph,1,105,0,0,0,0
6891,Joseph,1,106,0,0,0,0
6892,Joseph,1,107,0,0,0,0
6893,Joseph,1,108,0,0,0,0
6894,Joseph,1,109,0,0,0,0
6895,Joseph,1,110,0,0,0,0
6896,Joseph,1,111,0,0,0,0
6897,Joseph,1,112,0,0,0,0
6898,Joseph,1,113,0,0,0,0
6899,Joseph,1,114,0,0,0,0
6900,Joseph,1,115,0,0,0,0
6901,Joseph,1,116,0,0,0,0
6902,Joseph,1,117,0,0,0,0
6903,Joseph,1,118,0,0,0,0
6904,Joseph,1,119,0,0,0,0
6905,Joseph,1,120,0,0,0,0
6906,Joseph,1,121,0,0,0,0
6907,Joseph,1,122,0,0,0,0
6908,Joseph,1,123,0,0,0,0
6909,Joseph,1,124,0,0,0,0
6910,Joseph,1,125,0,0,0,0
6911,Joseph,1,126,0,0,0,0
6912,Joseph,1,127,0,0,0,0
6913,Joseph,1,128,0,0,0,0
6914,Joseph,1,129,0,0,0,0
6915,Joseph,1,130,0,0,0,0
6916,Joseph,1,131,0,0,0,0
6917,Joseph,1,132,0,0,0,0
6918,Joseph,1,133,0,0,0,0
6919,Joseph,1,134,0,0,0,0
6923,Joseph,1,138,0,0,0,0
6924,Joseph,1,139,0,0,0,0
6925,Joseph,1,140,0,0,0,0
6926,Joseph,1,141,0,0,0,0
6927,Joseph,1,142,0,0,0,0
6930,Joseph,1,145,0,0,0,0
6932,Joseph,1,147,0,0,0,0
6933,Joseph,1,148,0,0,0,0
6939,Joseph,1,154,0,0,0,0
6940,Joseph,1,155,0,0,0,0
6941,Joseph,1,156,0,0,0,0
6942,Joseph,1,157,0,0,0,0
6943,Joseph,1,158,0,0,0,0
6944,Joseph,1,159,0,0,0,0
6945,Joseph,1,160,0,0,0,0
6947,Joseph,1,162,0,0,0,0
6948,Joseph,1,163,0,0,0,0
6949,Joseph,1,164,0,0,0,0
6950,Joseph,1,165,0,0,0,0
6967,Joseph,1,182,0,0,0,0
6977,Joseph,1,192,0,0,0,0
6978,Joseph,1,193,0,0,0,0
6979,Joseph,1,194,0,0,0,0
6980,Joseph,1,195,0,0,0,0
6984,Joseph,1,199,0,0,0,0
6985,Joseph,1,200,0,0,0,0
6986,Joseph,1,201,0,0,0,0
6987,Joseph,1,202,0,0,0,0
6988,Joseph,1,203,0,0,0,0
6989,Joseph,1,204,0,0,0,0
6990,Joseph,1,205,0,0,0,0
6993,Joseph,1,208,0,0,0,0
6995,Joseph,1,210,0,0,0,0
6999,Joseph,1,214,0,0,0,0
7000,Joseph,1,215,0,0,0,0
7001,Joseph,1,216,0,0,0,0
7002,Joseph,1,217,0,0,0,0
7003,Joseph,1,218,0,0,0,0
7004,Joseph,1,219,0,0,0,0
7005,Joseph,1,220,0,0,0,0
7006,Joseph,1,221,0,0,0,0
7007,Joseph,1,222,0,0,0,0
7008,Joseph,1,223,0,0,0,0
7009,Joseph,1,224,0,0,0,0
7010,Joseph,1,225,0,0,0,0
7011,Joseph,1,226,0,0,0,0
7012,Joseph,1,227,0,0,0,0
7013,Joseph,1,228,0,0,0,0
7014,Joseph,1,229,0,0,0,0
7286,Judah,1,8,0,0,1,0
7287,Judah,1,9,0,0,1,0
7288,Judah,1,10,0,0,1,0
7289,Judah,1,11,0,0,1,0
7290,Judah,1,12,0,0,1,0
7291,Judah,1,13,0,0,1,0
7292,Judah,1,14,0,0,1,0
7293,Judah,1,15,0,0,1,0
7294,Judah,1,16,0,0,1,0
7296,Judah,1,18,0,0,1,0
7297,Judah,1,19,0,0,0,0
7298,Judah,1,20,0,1,0,0
7299,Judah,1,21,0,1,0,0
7302,Judah,1,24,0,1,0,0
7303,Judah,1,25,0,0,0,0
7309,Judah,1,31,0,0,0,0
7310,Judah,1,32,0,0,0,0
7311,Judah,1,33,0,0,0,0
7312,Judah,1,34,0,0,0,0
7313,Judah,1,35,0,0,0,0
7314,Judah,1,36,0,0,0,0
7315,Judah,1,37,0,0,0,0
7316,Judah,1,38,0,0,0,0
7317,Judah,1,39,0,0,0,0
7318,Judah,1,40,0,0,0,0
7319,Judah,1,41,0,0,0,0
7320,Judah,1,42,0,0,0,0
7321,Judah,1,43,0,0,0,0
7322,Judah,1,44,0,0,0,0
7324,Judah,1,46,0,0,0,0
7325,Judah,1,47,0,0,0,0
7326,Judah,1,48,0,0,0,0
7327,Judah,1,49,0,0,0,0
7328,Judah,1,50,0,0,0,0
7329,Judah,1,51,0,0,0,0
7330,Judah,1,52,0,0,0,0
7332,Judah,1,54,0,0,0,0
7333,Judah,1,55,0,0,0,0
7334,Judah,1,56,0,0,0,0
7335,Judah,1,57,0,0,0,0
7336,Judah,1,58,0,0,0,0
7338,Judah,1,60,0,0,0,0
7339,Judah,1,61,0,0,0,0
7340,Judah,1,62,0,0,0,0
7341,Judah,1,63,0,0,0,0
7344,Judah,1,66,0,0,0,0
7345,Judah,1,67,0,0,0,0
7346,Judah,1,68,0,0,0,0
7347,Judah,1,69,0,0,0,0
7348,Judah,1,70,0,0,0,0
7351,Judah,1,73,0,0,0,0
7352,Judah,1,74,0,0,0,0
7353,Judah,1,75,0,0,0,0
7356,Judah,1,78,0,0,0,0
7357,Judah,1,79,0,0,0,0
7358,Judah,1,80,0,0,0,0
7359,Judah,1,81,0,0,0,0
7360,Judah,1,82,0,0,0,0
7361,Judah,1,83,0,0,0,0
7362,Judah,1,84,0,0,0,0
7363,Judah,1,85,0,0,0,0
7364,Judah,1,86,0,0,0,0
7365,Judah,1,87,0,0,0,0
7366,Judah,1,88,0,0,0,0
7367,Judah,1,89,0,0,0,0
7368,Judah,1,90,0,0,0,0
7369,Judah,1,91,0,0,0,0
7371,Judah,1,93,0,0,0,0
7372,Judah,1,94,0,0,0,0
7373,Judah,1,95,0,0,0,0
7374,Judah,1,96,0,0,0,0
7375,Judah,1,97,0,0,0,0
7376,Judah,1,98,0,0,0,0
7377,Judah,1,99,0,0,0,0
7378,Judah,1,100,0,0,0,0
7379,Judah,1,101,0,0,0,0
7380,Judah,1,102,0,0,0,0
7381,Judah,1,103,0,0,0,0
7382,Judah,1,104,0,0,0,0
7383,Judah,1,105,0,0,0,0
7384,Judah,1,106,0,0,0,0
7385,Judah,1,107,0,0,0,0
7386,Judah,1,108,0,0,0,0
7387,Judah,1,109,0,0,0,0
7388,Judah,1,110,0,0,0,0
7389,Judah,1,111,0,0,0,0
7390,Judah,1,112,0,0,0,0
7391,Judah,1,113,0,0,0,0
7392,Judah,1,114,0,0,0,0
7393,Judah,1,115,0,0,0,0
7394,Judah,1,116,0,0,0,0
7395,Judah,1,117,0,0,0,0
7396,Judah,1,118,0,0,0,0
7397,Judah,1,119,0,0,0,0
7398,Judah,1,120,0,0,0,0
7399,Judah,1,121,0,0,0,0
7400,Judah,1,122,0,0,0,0
7401,Judah,1,123,0,0,0,0
7402,Judah,1,124,0,0,0,0
7405,Judah,1,127,0,0,0,0
7406,Judah,1,128,0,0,0,0
7407,Judah,1,129,0,0,0,0
7414,Judah,1,136,0,0,0,0
7416,Judah,1,138,0,0,0,0
7427,Judah,1,149,0,0,0,0
7441,Judah,1,163,0,0,0,0
7443,Judah,1,165,0,0,0,0
7444,Judah,1,166,0,0,0,0
7445,Judah,1,167,0,0,0,0
7447,Judah,1,169,0,0,0,0
7448,Judah,1,170,0,0,0,0
7449,Judah,1,171,0,0,0,0
7450,Judah,1,172,0,0,0,0
7451,Judah,1,173,0,0,0,0
7452,Judah,1,174,0,0,0,0
7453,Judah,1,175,0,0,0,0
7454,Judah,1,176,0,0,0,0
7455,Judah,1,177,0,0,0,0
7456,Judah,1,178,0,0,0,0
7457,Judah,1,179,0,0,0,0
8053,Levi,1,2,0,0,1,0
8054,Levi,1,3,0,0,1,0
8055,Levi,1,4,0,0,1,0
8056,Levi,1,5,0,0,1,0
8058,Levi,1,7,0,1,0,0
8060,Levi,1,9,0,0,0,0
8064,Levi,1,13,0,0,0,0
8065,Levi,1,14,0,0,0,0
8066,Levi,1,15,0,0,0,0
8067,Levi,1,16,0,0,0,0
8068,Levi,1,17,0,0,0,0
8069,Levi,1,18,0,0,0,0
8070,Levi,1,19,0,0,0,0
8071,Levi,1,20,0,0,0,0
8072,Levi,1,21,0,0,0,0
8073,Levi,1,22,0,0,0,0
8074,Levi,1,23,0,0,0,0
8077,Levi,1,26,0,0,0,0
8078,Levi,1,27,0,0,0,0
8079,Levi,1,28,0,0,0,0
8080,Levi,1,29,0,0,0,0
8457,Manaseh,1,1,0,0,1,0
8460,Manaseh,1,4,0,0,0,0
8461,Manaseh,1,5,0,0,0,0
8463,Manaseh,1,7,0,0,0,0
8464,Manaseh,1,8,0,0,0,0
8465,Manaseh,1,9,0,0,0,0
8469,Manaseh,1,13,0,0,0,0
8470,Manaseh,1,14,0,0,0,0
8471,Manaseh,1,15,0,0,0,0
9049,Mattathias,1,6,0,0,1,0
9050,Mattathias,1,7,0,0,1,0
9051,Mattathias,1,8,0,0,1,0
9052,Mattathias,1,9,0,0,1,0
9054,Mattathias,1,11,0,0,1,0
9055,Mattathias,1,12,0,0,1,0
9058,Mattathias,1,15,0,0,1,0
9059,Mattathias,1,16,0,0,0,0
9060,Mattathias,1,17,0,1,0,0
9061,Mattathias,1,18,0,0,0,0
9062,Mattathias,1,19,0,0,0,0
9063,Mattathias,1,20,0,0,0,0
9064,Mattathias,1,21,0,0,0,0
9066,Mattathias,1,23,0,0,0,0
9067,Mattathias,1,24,0,0,0,0
9068,Mattathias,1,25,0,0,0,0
9069,Mattathias,1,26,0,0,0,0
9070,Mattathias,1,27,0,0,0,0
9071,Mattathias,1,28,0,0,0,0
9072,Mattathias,1,29,0,0,0,0
9073,Mattathias,1,30,0,0,0,0
9074,Mattathias,1,31,0,0,0,0
9075,Mattathias,1,32,0,0,0,0
9076,Mattathias,1,33,0,0,0,0
9077,Mattathias,1,34,0,0,0,0
9078,Mattathias,1,35,0,0,0,0
9079,Mattathias,1,36,0,0,0,0
9080,Mattathias,1,37,0,0,0,0
9081,Mattathias,1,38,0,0,0,0
9082,Mattathias,1,39,0,0,0,0
9083,Mattathias,1,40,0,0,0,0
9084,Mattathias,1,41,0,0,0,0
9085,Mattathias,1,42,0,0,0,0
9086,Mattathias,1,43,0,0,0,0
9087,Mattathias,1,44,0,0,0,0
9088,Mattathias,1,45,0,0,0,0
9091,Mattathias,1,48,0,0,0,0
9092,Mattathias,1,49,0,0,0,0
9093,Mattathias,1,50,0,0,0,0
9094,Mattathias,1,51,0,0,0,0
9095,Mattathias,1,52,0,0,0,0
9103,Mattathias,1,60,0,0,0,0
9104,Mattathias,1,61,0,0,0,0
9105,Mattathias,1,62,0,0,0,0
9106,Mattathias,1,63,0,0,0,0
9222,Menahem,1,1,0,0,1,0
9224,Menahem,1,3,0,1,0,0
9225,Menahem,1,4,0,0,0,0
9226,Menahem,1,5,0,0,0,0
9227,Menahem,1,6,0,0,0,0
9228,Menahem,1,7,0,0,0,0
9231,Menahem,1,10,0,0,0,0
9232,Menahem,1,11,0,0,0,0
9233,Menahem,1,12,0,0,0,0
9235,Menahem,1,14,0,0,0,0
9238,Menahem,1,17,0,0,0,0
9239,Menahem,1,18,0,0,0,0
9240,Menahem,1,19,0,0,0,0
9241,Menahem,1,20,0,0,0,0
9242,Menahem,1,21,0,0,0,0
9243,Menahem,1,22,0,0,0,0
9244,Menahem,1,23,0,0,0,0
9245,Menahem,1,24,0,0,0,0
9246,Menahem,1,25,0,0,0,0
9247,Menahem,1,26,0,0,0,0
9248,Menahem,1,27,0,0,0,0
9249,Menahem,1,28,0,0,0,0
9264,Menahem,1,43,0,0,0,0
9265,Menahem,1,44,0,0,0,0
9266,Menahem,1,45,0,0,0,0
9382,Meyasha,1,1,0,0,0,1
9383,Meyasha,1,2,0,0,0,1
9497,Moses,1,1,0,0,0,1
9587,Nahmani,1,2,0,0,0,1
9588,Nahmani,1,3,0,0,0,1
9604,Nahum,1,2,0,0,0,0
9606,Nahum,1,4,0,0,0,0
9607,Nahum,1,5,0,0,0,0
9608,Nahum,1,6,0,0,0,0
9663,Neriyah,1,1,0,0,0,1
9680,Nathan,1,4,0,0,0,0
9681,Nathan,1,5,0,0,0,0
9683,Nathan,1,7,0,0,0,0
9684,Nathan,1,8,0,0,0,0
9686,Nathan,1,10,0,0,0,0
9687,Nathan,1,11,0,0,0,0
9688,Nathan,1,12,0,0,0,0
9735,Nathanel,1,1,0,0,1,0
9736,Nathanel,1,2,0,1,0,0
9737,Nathanel,1,3,0,0,0,0
9738,Nathanel,1,4,0,0,0,0
9739,Nathanel,1,5,0,0,0,0
9740,Nathanel,1,6,0,0,0,0
9741,Nathanel,1,7,0,0,0,0
9775,Noadiah,1,1,0,0,0,1
9787,Nehemiah,1,3,0,0,0,0
9789,Nehemiah,1,5,0,0,0,0
9790,Nehemiah,1,6,0,0,0,0
9791,Nehemiah,1,7,0,0,0,0
9793,Nehemiah,1,9,0,0,0,0
10302,Pedayah,1,1,0,0,0,0
10303,Pedayah,1,2,0,0,0,0
10304,Pedayah,1,3,0,0,0,0
10316,Pelalyah,1,1,0,0,0,1
10318,Pelatyah,1,1,0,0,0,1
10341,Petahyah,1,1,0,0,0,1
10342,Petahyah,1,2,0,0,0,1
10538,Phineas,1,1,0,0,1,0
10539,Phineas,1,2,0,0,1,0
10540,Phineas,1,3,0,0,1,0
10541,Phineas,1,4,0,0,0,0
10544,Phineas,1,7,0,0,0,0
10545,Phineas,1,8,0,0,0,0
10546,Phineas,1,9,0,0,0,0
10547,Phineas,1,10,0,0,0,0
10548,Phineas,1,11,0,0,0,0
10551,Phineas,1,14,0,0,0,0
10553,Phineas,1,16,0,0,0,0
10554,Phineas,1,17,0,0,0,0
10555,Phineas,1,18,0,0,0,0
10617,Playah,1,2,0,0,0,1
11437,Samuel,1,4,0,0,1,0
11438,Samuel,1,5,0,0,1,0
11442,Samuel,1,9,0,0,0,0
11443,Samuel,1,10,0,0,0,0
11444,Samuel,1,11,0,0,0,0
11445,Samuel,1,12,0,0,0,0
11446,Samuel,1,13,0,0,0,0
11447,Samuel,1,14,0,0,0,0
11448,Samuel,1,15,0,0,0,0
11449,Samuel,1,16,0,0,0,0
11451,Samuel,1,18,0,0,0,0
11452,Samuel,1,19,0,0,0,0
11456,Samuel,1,23,0,0,0,0
11457,Samuel,1,24,0,0,0,0
11458,Samuel,1,25,0,0,0,0
11459,Samuel,1,26,0,0,0,0
11729,Sarasar,1,1,0,0,0,1
11747,Saul,1,1,0,0,1,0
11748,Saul,1,2,0,0,1,0
11750,Saul,1,4,0,0,0,0
11751,Saul,1,5,0,0,0,0
11752,Saul,1,6,0,0,0,0
11753,Saul,1,7,0,0,0,0
11754,Saul,1,8,0,0,0,0
11755,Saul,1,9,0,0,0,0
11756,Saul,1,10,0,0,0,0
11757,Saul,1,11,0,0,0,0
11758,Saul,1,12,0,0,0,0
11759,Saul,1,13,0,0,0,0
11760,Saul,1,14,0,0,0,0
11761,Saul,1,15,0,0,0,0
11762,Saul,1,16,0,0,0,0
11765,Saul,1,19,0,0,0,0
11766,Saul,1,20,0,0,0,0
11768,Saul,1,22,0,0,0,0
11769,Saul,1,23,0,0,0,0
11771,Saul,1,25,0,0,0,0
11772,Saul,1,26,0,0,0,0
11773,Saul,1,27,0,0,0,0
11774,Saul,1,28,0,0,0,0
11775,Saul,1,29,0,0,0,0
11868,Seth,1,1,0,0,1,0
11870,Seth,1,3,0,0,0,0
11871,Seth,1,4,0,0,0,0
11913,Shabi,1,1,0,0,0,0
11914,Shabi,1,2,0,0,0,0
11915,Shabi,1,3,0,0,0,0
11916,Shabi,1,4,0,0,0,0
11923,Shabtai,1,3,0,0,0,1
11924,Shabtai,1,4,0,0,0,1
12197,Shamoa,1,1,0,0,0,1
12204,Shamla,1,3,0,0,0,1
12285,Shemayah,1,1,0,0,0,0
12286,Shemayah,1,2,0,0,0,0
12289,Shemayah,1,5,0,0,0,0
12292,Shemayah,1,8,0,0,0,0
12293,Shemayah,1,9,0,0,0,0
12343,Shlamiah,1,5,0,0,0,0
12344,Shlamiah,1,6,0,0,0,0
12345,Shlamiah,1,7,0,0,0,0
12392,Simon,1,9,0,0,1,0
12393,Simon,1,10,0,0,1,0
12394,Simon,1,11,0,0,1,0
12395,Simon,1,12,0,0,1,0
12396,Simon,1,13,0,0,1,0
12397,Simon,1,14,0,0,1,0
12398,Simon,1,15,0,0,1,0
12399,Simon,1,16,0,0,1,0
12400,Simon,1,17,0,0,1,0
12401,Simon,1,18,0,0,1,0
12402,Simon,1,19,0,0,1,0
12403,Simon,1,20,0,0,1,0
12404,Simon,1,21,0,0,1,0
12408,Simon,1,25,0,0,1,0
12409,Simon,1,26,0,0,1,0
12410,Simon,1,27,0,0,1,0
12411,Simon,1,28,0,0,1,0
12412,Simon,1,29,0,0,1,0
12414,Simon,1,31,0,0,1,0
12415,Simon,1,32,0,0,1,0
12416,Simon,1,33,0,0,1,0
12418,Simon,1,35,0,1,0,0
12419,Simon,1,36,0,1,0,0
12420,Simon,1,37,0,1,0,0
12421,Simon,1,38,0,1,0,0
12423,Simon,1,40,0,1,0,0
12424,Simon,1,41,0,1,0,0
12425,Simon,1,42,0,1,0,0
12427,Simon,1,44,0,1,0,0
12429,Simon,1,46,0,0,0,0
12433,Simon,1,50,0,0,0,0
12436,Simon,1,53,0,0,0,0
12437,Simon,1,54,0,0,0,0
12438,Simon,1,55,0,0,0,0
12439,Simon,1,56,0,0,0,0
12440,Simon,1,57,0,0,0,0
12441,Simon,1,58,0,0,0,0
12442,Simon,1,59,0,0,0,0
12444,Simon,1,61,0,0,0,0
12446,Simon,1,63,0,0,0,0
12447,Simon,1,64,0,0,0,0
12448,Simon,1,65,0,0,0,0
12449,Simon,1,66,0,0,0,0
12450,Simon,1,67,0,0,0,0
12452,Simon,1,69,0,0,0,0
12453,Simon,1,70,0,0,0,0
12454,Simon,1,71,0,0,0,0
12457,Simon,1,74,0,0,0,0
12458,Simon,1,75,0,0,0,0
12459,Simon,1,76,0,0,0,0
12462,Simon,1,79,0,0,0,0
12463,Simon,1,80,0,0,0,0
12464,Simon,1,81,0,0,0,0
12465,Simon,1,82,0,0,0,0
12466,Simon,1,83,0,0,0,0
12468,Simon,1,85,0,0,0,0
12469,Simon,1,86,0,0,0,0
12470,Simon,1,87,0,0,0,0
12473,Simon,1,90,0,0,0,0
12474,Simon,1,91,0,0,0,0
12475,Simon,1,92,0,0,0,0
12477,Simon,1,94,0,0,0,0
12478,Simon,1,95,0,0,0,0
12479,Simon,1,96,0,0,0,0
12480,Simon,1,97,0,0,0,0
12482,Simon,1,99,0,0,0,0
12483,Simon,1,100,0,0,0,0
12484,Simon,1,101,0,0,0,0
12485,Simon,1,102,0,0,0,0
12486,Simon,1,103,0,0,0,0
12487,Simon,1,104,0,0,0,0
12488,Simon,1,105,0,0,0,0
12489,Simon,1,106,0,0,0,0
12490,Simon,1,107,0,0,0,0
12491,Simon,1,108,0,0,0,0
12492,Simon,1,109,0,0,0,0
12493,Simon,1,110,0,0,0,0
12494,Simon,1,111,0,0,0,0
12495,Simon,1,112,0,0,0,0
12496,Simon,1,113,0,0,0,0
12497,Simon,1,114,0,0,0,0
12498,Simon,1,115,0,0,0,0
12500,Simon,1,117,0,0,0,0
12501,Simon,1,118,0,0,0,0
12502,Simon,1,119,0,0,0,0
12503,Simon,1,120,0,0,0,0
12504,Simon,1,121,0,0,0,0
12505,Simon,1,122,0,0,0,0
12506,Simon,1,123,0,0,0,0
12507,Simon,1,124,0,0,0,0
12508,Simon,1,125,0,0,0,0
12509,Simon,1,126,0,0,0,0
12510,Simon,1,127,0,0,0,0
12511,Simon,1,128,0,0,0,0
12512,Simon,1,129,0,0,0,0
12513,Simon,1,130,0,0,0,0
12514,Simon,1,131,0,0,0,0
12515,Simon,1,132,0,0,0,0
12516,Simon,1,133,0,0,0,0
12517,Simon,1,134,0,0,0,0
12518,Simon,1,135,0,0,0,0
12519,Simon,1,136,0,0,0,0
12520,Simon,1,137,0,0,0,0
12521,Simon,1,138,0,0,0,0
12522,Simon,1,139,0,0,0,0
12523,Simon,1,140,0,0,0,0
12524,Simon,1,141,0,0,0,0
12525,Simon,1,142,0,0,0,0
12526,Simon,1,143,0,0,0,0
12527,Simon,1,144,0,0,0,0
12528,Simon,1,145,0,0,0,0
12529,Simon,1,146,0,0,0,0
12530,Simon,1,147,0,0,0,0
12531,Simon,1,148,0,0,0,0
12532,Simon,1,149,0,0,0,0
12533,Simon,1,150,0,0,0,0
12534,Simon,1,151,0,0,0,0
12535,Simon,1,152,0,0,0,0
12536,Simon,1,153,0,0,0,0
12537,Simon,1,154,0,0,0,0
12538,Simon,1,155,0,0,0,0
12540,Simon,1,157,0,0,0,0
12543,Simon,1,160,0,0,0,0
12546,Simon,1,163,0,0,0,0
12547,Simon,1,164,0,0,0,0
12548,Simon,1,165,0,0,0,0
12553,Simon,1,170,0,0,0,0
12554,Simon,1,171,0,0,0,0
12555,Simon,1,172,0,0,0,0
12556,Simon,1,173,0,0,0,0
12557,Simon,1,174,0,0,0,0
12558,Simon,1,175,0,0,0,0
12559,Simon,1,176,0,0,0,0
12560,Simon,1,177,0,0,0,0
12561,Simon,1,178,0,0,0,0
12562,Simon,1,179,0,0,0,0
12563,Simon,1,180,0,0,0,0
12564,Simon,1,181,0,0,0,0
12565,Simon,1,182,0,0,0,0
12566,Simon,1,183,0,0,0,0
12567,Simon,1,184,0,0,0,0
12601,Simon,1,218,0,0,0,0
12602,Simon,1,219,0,0,0,0
12606,Simon,1,223,0,0,0,0
12607,Simon,1,224,0,0,0,0
12608,Simon,1,225,0,0,0,0
12609,Simon,1,226,0,0,0,0
12610,Simon,1,227,0,0,0,0
12611,Simon,1,228,0,0,0,0
12612,Simon,1,229,0,0,0,0
12613,Simon,1,230,0,0,0,0
12615,Simon,1,232,0,0,0,0
12616,Simon,1,233,0,0,0,0
12617,Simon,1,234,0,0,0,0
12618,Simon,1,235,0,0,0,0
12619,Simon,1,236,0,0,0,0
12620,Simon,1,237,0,0,0,0
12621,Simon,1,238,0,0,0,0
12622,Simon,1,239,0,0,0,0
12623,Simon,1,240,0,0,0,0
12624,Simon,1,241,0,0,0,0
12625,Simon,1,242,0,0,0,0
12626,Simon,1,243,0,0,0,0
12627,Simon,1,244,0,0,0,0
12628,Simon,1,245,0,0,0,0
12629,Simon,1,246,0,0,0,0
12630,Simon,1,247,0,0,0,0
12631,Simon,1,248,0,0,0,0
12632,Simon,1,249,0,0,0,0
12633,Simon,1,250,0,0,0,0
12634,Simon,1,251,0,0,0,0
12635,Simon,1,252,0,0,0,0
12636,Simon,1,253,0,0,0,0
12637,Simon,1,254,0,0,0,0
12638,Simon,1,255,0,0,0,0
12639,Simon,1,256,0,0,0,0
13279,Tehinah,1,4,0,0,0,0
13280,Tehinah,1,5,0,0,0,0
13281,Tehinah,1,6,0,0,0,0
13282,Tehinah,1,7,0,0,0,0
13285,Tehinah,1,10,0,0,0,0
13286,Tehinah,1,11,0,0,0,0
13287,Tehinah,1,12,0,0,0,0
13288,Tehinah,1,13,0,0,0,0
13293,Teima,1,3,0,0,0,0
13294,Teima,1,4,0,0,0,0
13764,Tobiah,1,2,0,0,0,0
13766,Tobiah,1,4,0,0,0,0
13767,Tobiah,1,5,0,0,0,0
13768,Tobiah,1,6,0,0,0,0
13770,Tobiah,1,8,0,0,0,0
13771,Tobiah,1,9,0,0,0,0
13772,Tobiah,1,10,0,0,0,0
13976,Uziel,1,1,0,0,0,1
13977,Uziel,1,2,0,0,0,1
14104,Yadua,1,3,0,0,0,1
14105,Yadua,1,4,0,0,0,1
14110,Yair,1,1,0,0,1,0
14111,Yair,1,2,0,1,0,0
14112,Yair,1,3,0,0,0,0
14113,Yair,1,4,0,0,0,0
14114,Yair,1,5,0,0,0,0
14115,Yair,1,6,0,0,0,0
14116,Yair,1,7,0,0,0,0
14117,Yair,1,8,0,0,0,0
14134,Yaqim,1,2,0,0,1,0
14136,Yaqim,1,4,0,0,0,0
14137,Yaqim,1,5,0,0,0,0
14138,Yaqim,1,6,0,0,0,0
14139,Yaqim,1,7,0,0,0,0
14140,Yaqim,1,8,0,0,0,0
14166,Yehosadaq,1,1,0,0,0,1
14167,Yehosadaq,1,2,0,0,0,1
14168,Yehoram,1,1,0,0,0,1
14172,Joshua,1,4,0,0,1,0
14173,Joshua,1,5,0,0,1,0
14174,Joshua,1,6,0,0,1,0
14175,Joshua,1,7,0,0,1,0
14176,Joshua,1,8,0,0,1,0
14177,Joshua,1,9,0,0,1,0
14180,Joshua,1,12,0,0,1,0
14181,Joshua,1,13,0,0,1,0
14182,Joshua,1,14,0,0,1,0
14183,Joshua,1,15,0,0,1,0
14184,Joshua,1,16,0,0,1,0
14185,Joshua,1,17,0,0,1,0
14186,Joshua,1,18,0,1,0,0
14188,Joshua,1,20,0,0,0,0
14189,Joshua,1,21,0,0,0,0
14192,Joshua,1,24,0,0,0,0
14193,Joshua,1,25,0,0,0,0
14194,Joshua,1,26,0,0,0,0
14195,Joshua,1,27,0,0,0,0
14200,Joshua,1,32,0,0,0,0
14201,Joshua,1,33,0,0,0,0
14202,Joshua,1,34,0,0,0,0
14204,Joshua,1,36,0,0,0,0
14205,Joshua,1,37,0,0,0,0
14206,Joshua,1,38,0,0,0,0
14207,Joshua,1,39,0,0,0,0
14208,Joshua,1,40,0,0,0,0
14209,Joshua,1,41,0,0,0,0
14210,Joshua,1,42,0,0,0,0
14211,Joshua,1,43,0,0,0,0
14212,Joshua,1,44,0,0,0,0
14213,Joshua,1,45,0,0,0,0
14214,Joshua,1,46,0,0,0,0
14215,Joshua,1,47,0,0,0,0
14216,Joshua,1,48,0,0,0,0
14217,Joshua,1,49,0,0,0,0
14218,Joshua,1,50,0,0,0,0
14219,Joshua,1,51,0,0,0,0
14220,Joshua,1,52,0,0,0,0
14221,Joshua,1,53,0,0,0,0
14222,Joshua,1,54,0,0,0,0
14223,Joshua,1,55,0,0,0,0
14224,Joshua,1,56,0,0,0,0
14225,Joshua,1,57,0,0,0,0
14226,Joshua,1,58,0,0,0,0
14227,Joshua,1,59,0,0,0,0
14228,Joshua,1,60,0,0,0,0
14230,Joshua,1,62,0,0,0,0
14231,Joshua,1,63,0,0,0,0
14234,Joshua,1,66,0,0,0,0
14235,Joshua,1,67,0,0,0,0
14236,Joshua,1,68,0,0,0,0
14237,Joshua,1,69,0,0,0,0
14238,Joshua,1,70,0,0,0,0
14239,Joshua,1,71,0,0,0,0
14240,Joshua,1,72,0,0,0,0
14252,Joshua,1,84,0,0,0,0
14258,Joshua,1,90,0,0,0,0
14259,Joshua,1,91,0,0,0,0
14263,Joshua,1,95,0,0,0,0
14264,Joshua,1,96,0,0,0,0
14267,Joshua,1,99,0,0,0,0
14268,Joshua,1,100,0,0,0,0
14269,Joshua,1,101,0,0,0,0
14270,Joshua,1,102,0,0,0,0
14271,Joshua,1,103,0,0,0,0
14277,Yehu,1,1,0,0,0,1
14278,Yehu,1,2,0,0,0,1
14284,Yeshbab,1,1,0,0,0,0
14285,Yeshbab,1,2,0,0,0,0
14309,Yisachar,1,3,0,0,0,1
14312,Yitra,1,1,0,0,0,0
14313,Yitra,1,2,0,0,0,0
14314,Yitra,1,3,0,0,0,0
14315,Yitra,1,4,0,0,0,0
14319,Yoab,1,1,0,0,0,1
14320,Yoahaz,1,1,0,0,0,1
14321,Yoahaz,1,2,0,0,0,1
14329,Yoezer,1,1,0,0,1,0
14330,Yoezer,1,2,0,0,1,0
14331,Yoezer,1,3,0,0,1,0
14332,Yoezer,1,4,0,0,0,0
14333,Yoezer,1,5,0,0,0,0
14334,Yoezer,1,6,0,0,0,0
14335,Yoezer,1,7,0,0,0,0
14336,Yoezer,1,8,0,0,0,0
14337,Yoezer,1,9,0,0,0,0
14338,Yoezer,1,10,0,0,0,0
14339,Yoezer,1,11,0,0,0,0
14340,Yoezer,1,12,0,0,0,0
14341,Yoezer,1,13,0,0,0,0
14342,Yoezer,1,14,0,0,0,0
14343,Yoezer,1,15,0,0,0,0
14344,Yoezer,1,16,0,0,0,0
14345,Yoezer,1,17,0,0,0,0
14346,Yoezer,1,18,0,0,0,0
14347,Yoezer,1,19,0,0,0,0
14348,Yoezer,1,20,0,0,0,0
14349,Yoezer,1,21,0,0,0,0
14350,Yoezer,1,22,0,0,0,0
14351,Yoezer,1,23,0,0,0,0
14352,Yoezer,1,24,0,0,0,0
14362,Yohanan,1,9,0,0,1,0
14363,Yohanan,1,10,0,0,1,0
14364,Yohanan,1,11,0,0,1,0
14365,Yohanan,1,12,0,0,1,0
14366,Yohanan,1,13,0,0,1,0
14367,Yohanan,1,14,0,0,1,0
14368,Yohanan,1,15,0,0,1,0
14369,Yohanan,1,16,0,0,1,0
14370,Yohanan,1,17,0,0,1,0
14371,Yohanan,1,18,0,0,0,0
14372,Yohanan,1,19,0,1,0,0
14373,Yohanan,1,20,0,1,0,0
14374,Yohanan,1,21,0,0,0,0
14375,Yohanan,1,22,0,0,0,0
14376,Yohanan,1,23,0,0,0,0
14377,Yohanan,1,24,0,0,0,0
14378,Yohanan,1,25,0,0,0,0
14379,Yohanan,1,26,0,0,0,0
14381,Yohanan,1,28,0,0,0,0
14382,Yohanan,1,29,0,0,0,0
14383,Yohanan,1,30,0,0,0,0
14384,Yohanan,1,31,0,0,0,0
14385,Yohanan,1,32,0,0,0,0
14386,Yohanan,1,33,0,0,0,0
14387,Yohanan,1,34,0,0,0,0
14388,Yohanan,1,35,0,0,0,0
14389,Yohanan,1,36,0,0,0,0
14390,Yohanan,1,37,0,0,0,0
14391,Yohanan,1,38,0,0,0,0
14392,Yohanan,1,39,0,0,0,0
14393,Yohanan,1,40,0,0,0,0
14394,Yohanan,1,41,0,0,0,0
14395,Yohanan,1,42,0,0,0,0
14396,Yohanan,1,43,0,0,0,0
14399,Yohanan,1,46,0,0,0,0
14400,Yohanan,1,47,0,0,0,0
14401,Yohanan,1,48,0,0,0,0
14402,Yohanan,1,49,0,0,0,0
14403,Yohanan,1,50,0,0,0,0
14404,Yohanan,1,51,0,0,0,0
14405,Yohanan,1,52,0,0,0,0
14406,Yohanan,1,53,0,0,0,0
14407,Yohanan,1,54,0,0,0,0
14408,Yohanan,1,55,0,0,0,0
14409,Yohanan,1,56,0,0,0,0
14410,Yohanan,1,57,0,0,0,0
14411,Yohanan,1,58,0,0,0,0
14412,Yohanan,1,59,0,0,0,0
14413,Yohanan,1,60,0,0,0,0
14414,Yohanan,1,61,0,0,0,0
14415,Yohanan,1,62,0,0,0,0
14416,Yohanan,1,63,0,0,0,0
14417,Yohanan,1,64,0,0,0,0
14418,Yohanan,1,65,0,0,0,0
14419,Yohanan,1,66,0,0,0,0
14420,Yohanan,1,67,0,0,0,0
14421,Yohanan,1,68,0,0,0,0
14422,Yohanan,1,69,0,0,0,0
14423,Yohanan,1,70,0,0,0,0
14424,Yohanan,1,71,0,0,0,0
14425,Yohanan,1,72,0,0,0,0
14428,Yohanan,1,75,0,0,0,0
14429,Yohanan,1,76,0,0,0,0
14430,Yohanan,1,77,0,0,0,0
14431,Yohanan,1,78,0,0,0,0
14436,Yohanan,1,83,0,0,0,0
14437,Yohanan,1,84,0,0,0,0
14438,Yohanan,1,85,0,0,0,0
14440,Yohanan,1,87,0,0,0,0
14453,Yohanan,1,100,0,0,0,0
14456,Yohanan,1,103,0,0,0,0
14457,Yohanan,1,104,0,0,0,0
14458,Yohanan,1,105,0,0,0,0
14459,Yohanan,1,106,0,0,0,0
14460,Yohanan,1,107,0,0,0,0
14461,Yohanan,1,108,0,0,0,0
14464,Yohanan,1,111,0,0,0,0
14465,Yohanan,1,112,0,0,0,0
14467,Yohanan,1,114,0,0,0,0
14468,Yohanan,1,115,0,0,0,0
14469,Yohanan,1,116,0,0,0,0
14470,Yohanan,1,117,0,0,0,0
14471,Yohanan,1,118,0,0,0,0
14472,Yohanan,1,119,0,0,0,0
14473,Yohanan,1,120,0,0,0,0
14474,Yohanan,1,121,0,0,0,0
14475,Yohanan,1,122,0,0,0,0
14476,Yohanan,1,123,0,0,0,0
14477,Yohanan,1,124,0,0,0,0
14478,Yohanan,1,125,0,0,0,0
14479,Yohanan,1,126,0,0,0,0
14480,Yohanan,1,127,0,0,0,0
14481,Yohanan,1,128,0,0,0,0
14482,Yohanan,1,129,0,0,0,0
14528,Yonah,1,1,0,1,0,0
14529,Yonah,1,2,0,0,0,0
14530,Yonah,1,3,0,0,0,0
14531,Yonah,1,4,0,0,0,0
14572,Zachariah,1,9,0,1,0,0
14573,Zachariah,1,10,0,1,0,0
14574,Zachariah,1,11,0,0,0,0
14575,Zachariah,1,12,0,0,0,0
14579,Zachariah,1,16,0,0,0,0
14580,Zachariah,1,17,0,0,0,0
14581,Zachariah,1,18,0,0,0,0
14582,Zachariah,1,19,0,0,0,0
14583,Zachariah,1,20,0,0,0,0
14584,Zachariah,1,21,0,0,0,0
14585,Zachariah,1,22,0,0,0,0
14586,Zachariah,1,23,0,0,0,0
14587,Zachariah,1,24,0,0,0,0
14588,Zachariah,1,25,0,0,0,0
14589,Zachariah,1,26,0,0,0,0
14592,Zachariah,1,29,0,0,0,0
14593,Zachariah,1,30,0,0,0,0
14594,Zachariah,1,31,0,0,0,0
14569,Zachariah,1,6,0,0,1,0
14570,Zachariah,1,7,0,0,1,0
14571,Zachariah,1,8,0,0,1,0
14620,Zadok,1,1,0,0,1,0
14621,Zadok,1,2,0,0,0,0
14623,Zadok,1,4,0,0,0,0
14709,Zebediah,1,1,0,1,0,0
14710,Zebediah,1,2,0,0,0,0
14712,Zebediah,1,4,0,0,0,0
14713,Zebediah,1,5,0,0,0,0
14809,Reuben,1,3,0,0,0,0
14811,Reuben,1,5,0,0,0,0
14812,Reuben,1,6,0,0,0,0
14813,Reuben,1,7,0,0,0,0
14814,Reuben,1,8,0,0,0,0
14816,Reuben,1,10,0,0,0,0
149,Abaskantus,1,1,0,0,0,1
150,Abaskantus,1,2,0,0,0,1
793,Aeneas,1,1,0,0,1,1
795,Aeneas,1,3,0,1,0,1
1011,Alcius,1,1,0,0,0,1
1036,Alexander,1,24,0,0,0,0
1037,Alexander,1,25,0,0,0,0
1038,Alexander,1,26,0,0,0,0
1041,Alexander,1,29,0,0,0,0
1043,Alexander,1,31,0,0,0,0
1016,Alexander,1,4,0,0,1,0
1018,Alexander,1,6,0,0,1,0
1019,Alexander,1,7,0,0,1,0
1025,Alexander,1,13,0,0,1,0
1027,Alexander,1,15,0,0,1,0
1028,Alexander,1,16,0,1,0,0
1029,Alexander,1,17,0,1,0,0
1035,Alexander,1,23,0,0,0,0
1154,Aleximachos,1,1,0,0,0,1
1199,Amarantus,1,1,0,0,0,1
1209,Ambrosius,1,1,0,0,0,1
1260,Aminias,1,1,0,0,0,1
1304,Amphiklus,1,1,0,0,1,1
1305,Amphiklus,1,2,0,0,0,1
1440,Andreas,1,1,0,0,0,0
1441,Andreas,1,2,0,0,0,0
1442,Andreas,1,3,0,0,0,0
1536,Antas,1,1,0,0,0,1
1554,Antigonus,1,3,0,0,0,1
1556,Antigonus,1,5,0,0,0,1
1572,Antipatrus,1,3,0,0,1,0
1573,Antipatrus,1,4,0,0,1,0
1574,Antipatrus,1,5,0,0,1,0
1576,Antipatrus,1,7,0,0,1,0
1577,Antipatrus,1,8,0,0,1,0
1580,Antipatrus,1,11,0,0,1,0
1582,Antipatrus,1,13,0,0,0,0
1583,Antipatrus,1,14,0,0,0,0
1598,Antiphilus,1,1,0,0,1,1
1619,Antyllus,1,1,0,0,1,1
1642,Aphrodisias,1,1,0,0,0,1
1656,Apollogenes,1,1,0,0,0,1
1788,Archelaus,1,1,0,0,1,0
1789,Archelaus,1,2,0,0,1,0
1790,Archelaus,1,3,0,0,1,0
1799,Ardalus,1,1,0,0,1,1
1828,Aristeus,1,1,0,0,1,1
1845,Aristobulus,1,4,0,0,1,0
1846,Aristobulus,1,5,0,0,1,0
1849,Aristobulus,1,8,0,0,1,0
1870,Ariston,1,1,0,0,1,0
1871,Ariston,1,2,0,0,0,0
1876,Ariston,1,7,0,0,0,0
2063,Athenagoras,1,1,0,0,0,1
2624,Berenicianus,1,1,0,0,1,1
2633,Beryllus,1,1,0,0,0,1
2674,Boethus,1,3,0,0,0,1
2753,Cairus,1,1,0,0,0,1
2837,Castor,1,1,0,0,1,1
2869,Cerinthus,1,1,0,0,0,1
2880,Chares,1,1,0,0,1,1
2881,Chares,1,2,0,0,0,1
2895,Chresimus,1,1,0,0,0,1
2948,Cleitus,1,1,0,0,1,1
2956,Cleopas,1,1,0,1,0,0
2958,Cleopas,1,3,0,0,0,0
2959,Cleopas,1,4,0,0,0,0
2961,Cleopas,1,6,0,0,0,0
2963,Cleopas,1,8,0,0,0,0
2991,Compsus,1,1,0,0,1,1
2992,Compsus,1,2,0,0,1,1
3015,Cosmus,1,1,0,0,0,1
3063,Crocus,1,1,0,0,0,1
3080,Cypselus,1,1,0,0,0,1
3205,Damnaius,1,1,0,0,1,1
3329,Diadochus,1,1,0,0,0,1
3378,Diodotus,1,1,0,0,1,0
3379,Diodotus,1,2,0,0,0,0
3380,Diodotus,1,3,0,0,0,0
3438,Dioscorus,1,1,0,0,0,1
3515,Dorotheus,1,2,0,0,1,0
3516,Dorotheus,1,3,0,0,1,0
3517,Dorotheus,1,4,0,0,0,0
3518,Dorotheus,1,5,0,0,0,0
3519,Dorotheus,1,6,0,0,0,0
3520,Dorotheus,1,7,0,0,0,0
3521,Dorotheus,1,8,0,0,0,0
3522,Dorotheus,1,9,0,0,0,0
3539,Dorymenes,1,1,0,0,0,1
3568,Dositheus,1,6,0,0,1,0
3570,Dositheus,1,8,0,0,0,0
3571,Dositheus,1,9,0,0,0,0
3572,Dositheus,1,10,0,0,0,0
3573,Dositheus,1,11,0,0,0,0
3574,Dositheus,1,12,0,0,0,0
3575,Dositheus,1,13,0,0,0,0
3577,Dositheus,1,15,0,0,0,0
3578,Dositheus,1,16,0,0,0,0
3580,Dositheus,1,18,0,0,0,0
3581,Dositheus,1,19,0,0,0,0
3583,Dositheus,1,21,0,0,0,0
3584,Dositheus,1,22,0,0,0,0
3585,Dositheus,1,23,0,0,0,0
3586,Dositheus,1,24,0,0,0,0
3589,Dositheus,1,27,0,0,0,0
3591,Dositheus,1,29,0,0,0,0
3592,Dositheus,1,30,0,0,0,0
3593,Dositheus,1,31,0,0,0,0
4203,Eros,1,1,0,0,0,0
4204,Eros,1,2,0,0,0,0
4205,Eros,1,3,0,0,0,0
4206,Eros,1,4,0,0,0,0
4255,Euagoras,1,1,0,0,0,1
4325,Euodus,1,1,0,0,0,1
4354,Euphronius,1,1,0,0,0,1
4424,Eutolmus,1,1,0,0,0,0
4425,Eutolmus,1,2,0,0,0,0
4426,Eutolmus,1,3,0,0,0,0
4427,Eutolmus,1,4,0,0,0,0
4428,Eutolmus,1,5,0,0,0,0
4429,Eutolmus,1,6,0,0,0,0
4430,Eutolmus,1,7,0,0,0,0
4434,Eutrapelus,1,1,0,0,0,1
4818,Geron,1,1,0,0,1,1
4819,Geron,1,2,0,0,0,1
4883,Gorgos,1,2,0,0,0,1
5582,Herod,1,1,0,0,1,0
5583,Herod,1,2,0,0,1,0
5584,Herod,1,3,0,0,1,0
5585,Herod,1,4,0,0,1,0
5587,Herod,1,6,0,0,1,0
5588,Herod,1,7,0,0,1,0
5589,Herod,1,8,0,0,1,0
5590,Herod,1,9,0,0,1,0
5591,Herod,1,10,0,0,1,0
5595,Herod,1,14,0,0,0,0
6316,Ision,1,1,0,0,0,1
6337,Istomachus,1,1,0,0,0,1
6558,Jason,1,8,0,0,0,0
6559,Jason,1,9,0,0,0,0
6560,Jason,1,10,0,0,0,0
6561,Jason,1,11,0,0,0,0
6562,Jason,1,12,0,0,0,0
6563,Jason,1,13,0,0,0,0
6564,Jason,1,14,0,0,0,0
7889,Kallon,1,1,0,0,0,1
8000,Leon,1,1,0,0,0,1
8444,Mameus,1,1,0,0,0,1
8504,Mannaius,1,1,0,0,1,1
8892,Marion,1,1,0,0,0,0
8893,Marion,1,2,0,0,0,0
8894,Marion,1,3,0,0,0,0
9316,Menelaus,1,2,0,0,0,1
9322,Menippus,1,1,0,0,0,1
9339,Merton,1,1,0,0,1,1
9421,Midas,1,1,0,0,0,1
9466,Mnemon,1,1,0,0,0,1
9581,Nages,1,1,0,0,0,1
9830,Neus,1,1,0,0,1,1
9842,Nicandrus,1,1,0,0,0,1
9847,Nicanor,1,2,0,0,0,0
9848,Nicanor,1,3,0,0,0,0
9851,Nicanor,1,6,0,0,0,0
9861,Nicarchus,1,1,0,0,0,1
9882,Nicodemus,1,1,0,0,1,0
9884,Nicodemus,1,3,0,1,0,0
9885,Nicodemus,1,4,0,0,0,0
9892,Nicolaus,1,2,0,0,0,1
9936,Nomus,1,1,0,0,0,1
9959,Nothus,1,2,0,0,0,1
9974,Nunas,1,3,0,0,0,0
10118,Pandeion,1,1,0,0,0,1
10127,Pantheras,1,2,0,0,0,1
10154,Pappus,1,2,0,0,0,0
10155,Pappus,1,3,0,0,0,0
10156,Pappus,1,4,0,0,0,0
10157,Pappus,1,5,0,0,0,0
10158,Pappus,1,6,0,0,0,0
10159,Pappus,1,7,0,0,0,0
10160,Pappus,1,8,0,0,0,0
10183,Pardus,1,1,0,0,0,1
10377,Petrus,1,5,0,0,0,1
10388,Phaidrus,1,1,0,0,0,1
10423,Philip,1,1,0,0,1,0
10424,Philip,1,2,0,0,1,0
10425,Philip,1,3,0,0,1,0
10427,Philip,1,5,0,0,0,0
10429,Philip,1,7,0,0,0,0
10464,Philo,1,4,0,0,0,0
10465,Philo,1,5,0,0,0,0
10466,Philo,1,6,0,0,0,0
10613,Pistus,1,1,0,0,1,1
10784,Protas,1,1,0,0,0,1
10785,Protas,1,2,0,0,0,1
10880,Ptolemy,1,5,0,0,1,0
10881,Ptolemy,1,6,0,1,0,0
10883,Ptolemy,1,8,0,0,0,0
10884,Ptolemy,1,9,0,0,0,0
10885,Ptolemy,1,10,0,0,0,0
11642,Sapphias,1,2,0,0,1,1
11643,Sapphias,1,3,0,0,1,1
12970,Sophas,1,1,0,0,1,1
12997,Sosipatrus,1,2,0,0,1,1
12998,Sosipatrus,1,3,0,0,1,1
13059,Straton,1,2,0,0,0,1
13343,Thaddaius,1,1,0,1,0,0
13345,Thaddaius,1,3,0,0,0,0
13347,Thaddaius,1,5,0,0,0,0
13348,Thaddaius,1,6,0,0,0,0
13349,Thaddaius,1,7,0,0,0,0
13352,Thaddaius,1,10,0,0,0,0
13433,Theodorus,1,9,0,0,0,0
13436,Theodorus,1,12,0,0,0,0
13427,Theodorus,1,3,0,0,1,0
13429,Theodorus,1,5,0,0,0,0
13432,Theodorus,1,8,0,0,0,0
13527,Theodosius,1,5,0,0,0,1
13528,Theodosius,1,6,0,0,0,1
13557,Theodotus,1,5,0,0,1,0
13559,Theodotus,1,7,0,0,0,0
13560,Theodotus,1,8,0,0,0,0
13561,Theodotus,1,9,0,0,0,0
13562,Theodotus,1,10,0,0,0,0
13656,Theophilus,1,2,0,0,1,1
13657,Theophilus,1,3,0,0,1,1
13694,Theumnastus,1,1,0,0,0,1
13695,Theumnastus,1,2,0,0,0,1
13700,Threptus,1,1,0,0,0,1
13724,Timaius,1,1,0,1,0,1
13732,Timesius,1,1,0,0,0,1
13831,Tryphon,1,2,0,0,1,0
13833,Tryphon,1,4,0,0,0,0
13834,Tryphon,1,5,0,0,0,0
13835,Tryphon,1,6,0,0,0,0
13836,Tryphon,1,7,0,0,0,0
14777,Zenon,1,2,0,0,0,0
14778,Zenon,1,3,0,0,0,0
14779,Zenon,1,4,0,0,0,0
14781,Zenon,1,6,0,0,0,0
14846,Zoilus,1,1,0,0,0,0
14847,Zoilus,1,2,0,0,0,0
14848,Zoilus,1,3,0,0,0,0
871,Agrippa,1,1,0,0,1,0
872,Agrippa,1,2,0,0,1,0
873,Agrippa,1,3,0,0,1,0
875,Agrippa,1,5,0,0,1,0
878,Agrippa,1,8,0,0,0,0
879,Agrippa,1,9,0,0,0,0
1472,Anemo,1,1,0,0,0,1
1494,Annianus,1,1,0,0,0,1
1495,Annianus,1,2,0,0,0,1
1700,Appius,1,1,0,0,0,1
1764,Aquila,1,1,0,0,0,1
2155,Aurelius,1,1,0,0,0,1
2806,Capellus,1,2,0,0,1,1
2841,Castus,1,1,0,0,0,1
2930,Claudius,1,1,0,0,0,1
3010,Cornelius,1,1,0,0,1,1
3051,Crispus,1,1,0,0,1,1
3068,Cunerius,1,1,0,0,0,1
3069,Cunerius,1,2,0,0,0,1
3454,Doles,1,1,0,0,1,1
3699,Drusus,1,1,0,0,1,1
3700,Drusus,1,2,0,0,0,1
4627,Furinius,1,1,0,0,0,1
4631,Gabinus,1,1,0,0,0,1
4632,Gabinus,1,2,0,0,0,1
4668,Gaius,1,1,0,0,0,0
4670,Gaius,1,3,0,0,0,0
4671,Gaius,1,4,0,0,0,0
4672,Gaius,1,5,0,0,0,0
4972,Hadrius,1,1,0,0,0,1
7706,Julius,1,2,0,0,1,0
7708,Julius,1,4,0,0,0,0
7788,Justus,1,2,0,0,1,0
7789,Justus,1,3,0,0,1,0
7790,Justus,1,4,0,0,0,0
7791,Justus,1,5,0,0,0,0
8042,Lepius,1,1,0,0,0,1
8166,Lollianus,1,1,0,0,0,1
8167,Lollianus,1,2,0,0,0,1
8213,Lucius,1,3,0,0,0,1
8346,Major,1,1,0,0,0,1
8589,Marcus,1,2,0,0,0,0
8590,Marcus,1,3,0,0,0,0
8591,Marcus,1,4,0,0,0,0
8592,Marcus,1,5,0,0,0,0
8867,Marinus,1,1,0,0,0,1
9828,Nero,1,1,0,0,0,1
9914,Niger,1,1,0,0,1,1
9916,Niger,1,3,0,0,0,1
9970,Numicius,1,1,0,0,1,1
10253,Patricius,1,1,0,0,0,1
10268,Paulus,1,2,0,0,0,1
10269,Paulus,1,3,0,0,0,1
10285,Paxeus,1,1,0,0,0,1
10921,Purina,1,1,0,0,0,1
11181,Rufus,1,2,0,1,0,0
11183,Rufus,1,4,0,0,0,0
11847,Seneca,1,1,0,0,0,1
12374,Silonius,1,1,0,0,0,1
12916,Sisenna,1,1,0,0,1,1
13323,Tertianus,1,1,0,0,0,1
13858,Tula,1,1,0,0,0,1
14036,Vetenus,1,1,0,0,0,1
14070,Volosius,1,1,0,0,0,1
1203,Amasis,1,1,0,0,0,1
1336,Ašna,1,1,0,0,0,1
1337,Ašna,1,2,0,0,0,1
2367,Bagadates,1,1,0,0,1,1
2368,Bagadates,1,2,0,0,1,1
2734,Butes,1,3,0,0,0,0
3232,Darius,1,1,0,0,1,1
4903,Gufti,1,1,0,0,1,1
5447,Hazaretes,1,1,0,0,0,1
5972,Hyrcanus,1,4,0,0,1,0
5974,Hyrcanus,1,6,0,0,0,0
5975,Hyrcanus,1,7,0,0,0,0
5976,Hyrcanus,1,8,0,0,0,0
5977,Hyrcanus,1,9,0,0,0,0
5978,Hyrcanus,1,10,0,0,0,0
5979,Hyrcanus,1,11,0,0,0,0
7903,Karsas,1,1,0,0,0,1
7905,Kasakos,1,1,0,0,0,1
8514,Manvaz,1,3,0,0,0,1
10287,Pazatas,1,1,0,0,0,1
10288,Pazatas,1,2,0,0,0,1
13718,Tibethis,1,2,0,0,0,1
13720,Tigranes,1,1,0,0,1,1
13968,Uštana,1,1,0,0,0,1
1487,Annab,1,1,0,0,0,1
2019,Askalas,1,1,0,0,0,1
2075,Athrongaios,1,1,0,0,1,1
2385,Bakerus,1,1,0,0,0,1
2691,Borkius,1,1,0,0,1,1
2692,Borkius,1,2,0,0,0,1
2857,Cenedaius,1,1,0,0,1,1
3026,Costobarus,1,2,0,0,1,1
3124,Cyrthas,1,1,0,0,0,1
4824,Geskhada,1,1,0,0,0,1
4884,Gorthaios,1,1,0,0,0,1
5361,Hanibaal,1,1,0,0,1,1
5990,Iazidaius,1,1,0,0,0,1
6089,Irakus,1,1,0,0,0,1
7999,Lemko,1,1,0,0,0,1
8325,Magassarus,1,1,0,0,1,1
9776,Neela,1,1,0,0,0,1
10056,Ophaius,1,1,0,0,0,1
10395,Phasael,1,2,0,0,1,0
10396,Phasael,1,3,0,0,1,0
10397,Phasael,1,4,0,0,0,0
10398,Phasael,1,5,0,0,0,0
11746,Saugal,1,1,0,0,0,1
13315,Tephous,1,1,0,0,0,1
155,Abba,1,4,0,0,0,0
156,Abba,1,5,0,0,0,0
157,Abba,1,6,0,0,0,0
159,Abba,1,8,0,0,0,0
161,Abba,1,10,0,0,0,0
162,Abba,1,11,0,0,0,0
163,Abba,1,12,0,0,0,0
164,Abba,1,13,0,0,0,0
165,Abba,1,14,0,0,0,0
166,Abba,1,15,0,0,0,0
167,Abba,1,16,0,0,0,0
170,Abba,1,19,0,0,0,0
171,Abba,1,20,0,0,0,0
152,Abba,1,1,0,1,0,0
153,Abba,1,2,0,0,0,0
554,Abnaya,1,1,0,0,0,1
743,Adi,1,5,0,0,0,1
751,Admon,1,1,0,0,0,1
864,Agra,1,1,0,0,0,1
866,Agra,1,3,0,0,0,1
971,Aiala,1,1,0,0,0,1
972,Aiala,1,2,0,0,0,1
1478,Ani,1,1,0,0,0,1
2695,Botnit,1,1,0,0,0,1
2696,Botnit,1,2,0,0,0,1
2715,Buneim,1,1,0,0,0,1
2716,Buneim,1,2,0,0,0,1
3272,Deiphi,1,1,0,0,0,1
4060,Elem,1,2,0,0,0,1
4804,Gerida,1,1,0,0,0,1
4805,Gerida,1,2,0,0,0,1
4843,Gira,1,3,0,0,0,0
4871,Godea,1,2,0,0,0,1
4926,Guria,1,1,0,0,1,0
4927,Guria,1,2,0,0,1,0
4928,Guria,1,3,0,0,0,0
4929,Guria,1,4,0,0,0,0
4930,Guria,1,5,0,0,0,0
4932,Guria,1,7,0,0,0,0
4973,Hadu,1,1,0,0,0,1
5016,Hagira,1,1,0,0,1,1
5026,Halafta,1,1,0,0,0,0
5027,Halafta,1,2,0,0,0,0
5028,Halafta,1,3,0,0,0,0
5029,Halafta,1,4,0,0,0,0
5030,Halafta,1,5,0,0,0,0
5031,Halafta,1,6,0,0,0,0
5032,Halafta,1,7,0,0,0,0
5033,Halafta,1,8,0,0,0,0
5047,Halfai,1,2,0,1,0,0
5049,Halfai,1,4,0,0,0,0
5050,Halfai,1,5,0,0,0,0
5052,Halifa,1,1,0,0,0,1
5089,Hama,1,1,0,0,0,1
5364,Hanilai,1,1,0,0,0,1
5421,Harqaq,1,1,0,0,0,1
5674,Hidqa,1,1,0,0,0,1
5675,Hidqa,1,2,0,0,0,1
5743,Hisdai,1,1,0,0,0,1
5748,Hiyya,1,2,0,0,0,1
5792,Honi,1,7,0,0,0,0
5793,Honi,1,8,0,0,0,0
5794,Honi,1,9,0,0,0,0
5795,Honi,1,10,0,0,0,0
5796,Honi,1,11,0,0,0,0
5797,Honi,1,12,0,0,0,0
5798,Honi,1,13,0,0,0,0
5799,Honi,1,14,0,0,0,0
5800,Honi,1,15,0,0,0,0
5801,Honi,1,16,0,0,0,0
5802,Honi,1,17,0,0,0,0
5805,Honi,1,20,0,0,0,0
5807,Honi,1,22,0,0,0,0
5808,Honi,1,23,0,0,0,0
5809,Honi,1,24,0,0,0,0
5810,Honi,1,25,0,0,0,0
5811,Honi,1,26,0,0,0,0
5812,Honi,1,27,0,0,0,0
5884,Hospit,1,1,0,0,0,1
7858,Kablin,1,1,0,0,0,1
8246,Luda,1,1,0,0,0,1
14817,Zeriqa,1,1,0,0,0,1
14862,Zomlit,1,1,0,0,0,1
8655,Mari,2,1,1,0,0,1
2452,Baruch,3,4,0,0,0,0
9338,Merinius,3,1,0,0,0,1
1808,Ari,1,1,0,0,1,1
2964,Cleopas,2,1,1,0,0,0
11185,Rufus,2,1,1,0,0,0
742,Adi,1,4,0,0,0,1
1301,Amos,2,2,1,0,0,1
4759,Gaucos,2,1,1,0,0,1
12220,Shatia,2,1,1,0,0,1
2761,Caleb,1,3,0,0,0,1
13703,Tiberius,1,1,0,0,0,1
14031,Verus,1,1,0,0,0,1
2707,Buheiš,1,1,0,0,0,1
10216,Parteh,1,1,0,0,0,1
13717,Tibethis,1,1,0,0,1,1
13746,Tiridates,1,1,0,0,0,1
1954,Arza,1,1,0,0,0,1
2629,Beroqa,1,1,0,0,0,1
2630,Beroqa,1,2,0,0,0,1
2709,Bukhri,1,1,0,0,0,1
3166,Dahabai,1,1,0,0,0,1
3192,Dama,1,1,0,0,0,1
3367,Dinai,1,1,0,0,1,1
3368,Dinai,1,2,0,0,0,1
4059,Elem,1,1,0,0,1,1
4645,Gadia,1,4,0,0,0,1
4841,Gira,1,1,0,0,1,0
7978,Laqish,1,1,0,0,0,1
14632,Zaera,1,1,0,0,0,1
14673,Zaza,2,1,1,0,0,1
437,Abdi,1,2,0,0,0,0
2444,Baruch,1,3,0,0,0,0
4149,Enoch,1,1,0,0,0,1
5403,Harasha,1,1,0,0,0,0
5404,Harasha,1,2,0,0,0,0
5406,Harasha,1,4,0,0,0,0
9010,Mataniah,1,1,0,0,0,1
9570,Nadab,1,1,0,0,0,1
10616,Playah,1,1,0,0,0,1
13291,Teima,1,1,0,0,0,0
14640,Zamari,1,2,0,0,0,1
14671,Zaza,1,1,0,0,0,1
4720,Galaistes,1,2,0,0,0,1
8162,Logas,1,1,0,0,0,1
9911,Nicus,1,1,0,0,0,1
9972,Nunas,1,1,0,0,0,0
10126,Pantheras,1,1,0,0,0,1
11834,Seleucus,1,1,0,0,0,1
11004,Quirinius,1,1,0,0,0,1
11005,Quirinius,1,2,0,0,0,1
2732,Butes,1,1,0,0,0,0
10217,Parteh,1,2,0,0,0,1
154,Abba,1,3,0,0,0,0
10214,Parnakh,2,1,1,0,0,1
4015,Eleazar,2,6,1,0,0,0
9626,Nahum,2,2,1,0,0,0
9698,Nathan,2,1,1,0,0,0
11788,Saul,2,1,1,0,0,0
14516,Yohanan,2,1,1,0,0,0
11030,Ramish,2,1,1,0,0,1
7173,Joseph,2,26,1,0,0,0
2529,Benaiah,1,5,0,0,0,0
2535,Benaiah,1,11,0,0,0,0
4874,Goliath,1,1,0,0,0,1
9485,Mordechai,1,1,0,0,0,1
13276,Tehinah,1,1,0,0,0,0
1026,Alexander,1,14,0,0,1,0
4946,Gyges,1,1,0,0,0,1
5586,Herod,1,5,0,0,1,0
5593,Herod,1,12,0,1,0,0
5594,Herod,1,13,0,0,0,0
9927,Nisus,1,2,0,0,0,1
9958,Nothus,1,1,0,0,0,1
9973,Nunas,1,2,0,0,0,0
10374,Petrus,1,2,0,0,0,1
2805,Capellus,1,1,0,0,1,1
7705,Julius,1,1,0,0,1,0
7707,Julius,1,3,0,0,0,0
8588,Marcus,1,1,0,0,0,0
14000,Valerius,1,1,0,0,0,1
2733,Butes,1,2,0,0,0,0
4640,Gadatas,1,1,0,0,0,1
4867,Gobares,1,1,0,0,0,1
9414,Mahpanah,1,1,0,0,0,1
4166,Ephaius,1,1,0,0,1,1
528,Abin,1,1,0,0,0,1
1809,Ari,1,2,0,0,0,1
4784,Gelustra,1,1,0,0,0,1
4844,Gira,1,4,0,0,0,0
4900,Grogarot,1,1,0,0,0,1
5436,Hasma,1,1,0,0,0,1
5439,Hatla,1,1,0,0,0,1
5440,Hatla,1,2,0,0,0,1
5783,Hofnim,1,1,0,0,0,1
5784,Holiqopri,1,1,0,0,0,1
14633,Zaera,1,2,0,0,0,1
14840,Zohamai,1,2,0,0,0,1
14927,Meir,1,1,0,0,1,0
14928,Meir,1,2,0,0,1,0
14930,Meir,1,4,0,0,0,0
14931,Meir,1,5,0,0,0,0
14934,Mona,1,1,0,0,0,1
14937,Matan,1,1,0,0,0,1
14938,Meysa,1,1,0,0,0,1
14941,Malka,1,2,0,0,1,0
14942,Malka,1,3,0,1,0,0
14944,Malka,1,5,0,0,0,0
14945,Malka,1,6,0,0,0,0
14946,Malka,1,7,0,0,0,0
14947,Malka,1,8,0,0,0,0
14948,Milta,1,1,0,0,0,1
14951,Masabala,1,1,0,0,1,1
14956,Mara,1,1,0,0,0,1
14959,Nagara,1,1,0,0,0,1
14962,Nehorai,1,2,0,0,0,1
14964,Nehonia,1,1,0,0,0,0
14965,Nehonia,1,2,0,0,0,0
14966,Nehonia,1,3,0,0,0,0
14967,Nehonia,1,4,0,0,0,0
14968,Nehonia,1,5,0,0,0,0
14969,Natira,1,1,0,0,1,1
14970,Natira,1,2,0,0,0,1
14972,Napah,1,1,0,0,0,1
14977,Sabba,1,2,0,0,0,0
14978,Sabba,1,3,0,1,0,0
14979,Sabba,1,4,0,0,0,0
14980,Sabba,1,5,0,0,0,0
14982,Sebora,1,1,0,0,0,1
14985,Siqra,1,1,0,0,0,1
14988,Safra,1,2,0,0,0,1
14990,Safra,1,4,0,0,0,1
14991,Saru,1,1,0,0,0,1
14994,Egla,1,1,0,0,0,1
14999,Onah,1,1,0,0,0,1
15000,Atuf,1,1,0,0,0,1
15001,Isa,1,1,0,0,0,1
15002,Akhaia,1,1,0,0,0,1
15003,Akhnai,1,1,0,0,0,1
15012,Arsala,1,1,0,0,0,1
15015,Petori,1,1,0,0,0,1
15016,Petori,1,2,0,0,0,1
15017,Pati,1,1,0,0,0,1
15018,Pati,1,2,0,0,0,1
15022,Pishon,1,1,0,0,0,1
15025,Perahiah,1,1,0,0,0,1
15029,Saida,1,1,0,0,0,1
15033,Sifon,1,3,0,0,0,1
15035,Sarifa,1,1,0,0,1,1
15038,Qabi,1,1,0,0,1,1
15041,Qabish,1,2,0,0,0,1
15043,Qadara,1,1,0,0,0,1
15046,Qorshai,1,2,0,0,0,1
15047,Qatin,1,1,0,0,0,1
15048,Qatin,1,2,0,0,0,1
15052,Qalas,1,1,0,0,0,1
15056,Qani,1,2,0,0,0,1
15057,Qanmuma,1,1,0,0,0,1
15058,Qapara,1,1,0,0,0,1
15059,Qasaba,1,1,0,0,0,1
15060,Qeruya,1,1,0,0,0,1
15061,Qarzala,1,1,0,0,0,1
15062,Qarzala,1,2,0,0,0,1
15064,Qorha,1,2,0,0,0,1
15065,Qarni,1,1,0,0,0,1
15066,Qarni,1,2,0,0,0,1
15069,Qathrus,1,2,0,0,0,1
15070,Rabba,1,1,0,0,0,0
15072,Rabba,1,3,0,0,0,0
15073,Rabba,1,4,0,0,0,0
15075,Rabba,1,6,0,0,0,0
15076,Rabba,1,7,0,0,0,0
15082,Segabion,1,1,0,0,0,1
15083,Shaveh,1,1,0,0,0,1
15084,Shulai,1,1,0,0,0,1
15087,Shazfar,1,1,0,0,0,1
15089,Shatia,1,1,0,0,0,1
15092,Sheila,1,2,0,0,1,0
15095,Sheila,1,5,0,0,0,0
15096,Sheila,1,6,0,0,0,0
15097,Sheila,1,7,0,0,0,0
15100,Shemuqa,1,1,0,0,0,1
15101,Shapir,1,1,0,0,0,1
15105,Totai,1,1,0,0,0,1
15106,Toma,1,1,0,0,0,1
15109,Torata,1,1,0,0,0,1
15112,Justus,NA,NA,NA,0,0,0
15114,Yohanan,NA,NA,NA,1,0,0
15115,Jonathan,NA,NA,NA,1,0,0
15116,Halfai,1,1,0,1,0,0
15120,Bartimaeus,NA,NA,NA,1,0,1
